id,title,description,availability,condition,price,link,image_link,brand,google_product_category,messenger_link
"41484542-da4e-46ea-a942-b4db3f6fbbdb","Dr.Althea 147 Barrier Cream 50 ml","Minimum Retail Selling Price: ৳ 1900","in stock","new","2190 BDT","https://glamourstouch.com/product/41484542-da4e-46ea-a942-b4db3f6fbbdb","https://fmcltrjnuvuooarkvufn.supabase.co/storage/v1/object/public/products/product-images/koba-41484542-da4e-46ea-a942-b4db3f6fbbdb.jpg","Dr.Althea","Health & Beauty > Personal Care > Cosmetics","https://m.me/1002146686323797?ref=41484542-da4e-46ea-a942-b4db3f6fbbdb"
"ba33b4ab-3932-452c-af0c-7e1375c3db8b","Medicube Kojic Acid Turmeric Vita Capsule Cream 53 g","Medicube Kojic Acid Turmeric Vita Capsule Cream 53 g","in stock","new","2000 BDT","https://glamourstouch.com/product/ba33b4ab-3932-452c-af0c-7e1375c3db8b","https://fmcltrjnuvuooarkvufn.supabase.co/storage/v1/object/public/products/product-images/koba-ba33b4ab-3932-452c-af0c-7e1375c3db8b.jpg","Medicube","Health & Beauty > Personal Care > Cosmetics","https://m.me/1002146686323797?ref=ba33b4ab-3932-452c-af0c-7e1375c3db8b"
"6638448b-7101-4df2-aa98-7b024905370f","Mamonde Rose Water Toner  50 ml","Minimum Retail Selling Price: ৳550","in stock","new","540 BDT","https://glamourstouch.com/product/6638448b-7101-4df2-aa98-7b024905370f","https://fmcltrjnuvuooarkvufn.supabase.co/storage/v1/object/public/products/product-images/koba-6638448b-7101-4df2-aa98-7b024905370f.jpg","Mamonde","Health & Beauty > Personal Care > Cosmetics","https://m.me/1002146686323797?ref=6638448b-7101-4df2-aa98-7b024905370f"
"a41dfbea-53c1-4303-babe-a7a9748c0891","K-Secret Seoul 1988 Essence:Snail Mucin 97% + Rice 100 ml","Minimum Retail Selling Price: ৳ 1,750","in stock","new","2070 BDT","https://glamourstouch.com/product/a41dfbea-53c1-4303-babe-a7a9748c0891","https://fmcltrjnuvuooarkvufn.supabase.co/storage/v1/object/public/products/product-images/koba-a41dfbea-53c1-4303-babe-a7a9748c0891.jpg","K-Secret","Health & Beauty > Personal Care > Cosmetics","https://m.me/1002146686323797?ref=a41dfbea-53c1-4303-babe-a7a9748c0891"
"22586514-5f22-4b65-8e34-876c3db18998","Isntree Hyaluronic Acid Natural Sun Cream SPF50+ PA++++ 50 ml","Minimum Retail Selling Price: ৳ 1,450","in stock","new","1690 BDT","https://glamourstouch.com/product/22586514-5f22-4b65-8e34-876c3db18998","https://fmcltrjnuvuooarkvufn.supabase.co/storage/v1/object/public/products/product-images/koba-22586514-5f22-4b65-8e34-876c3db18998.jpg","Isntree","Health & Beauty > Personal Care > Cosmetics","https://m.me/1002146686323797?ref=22586514-5f22-4b65-8e34-876c3db18998"
"74eed68c-c382-4084-bed4-8b7afd7cac93","LEBELAGE  Collagen + Greentea Moisture Skin  30 ml","Minimum Retail Selling Price: ৳ 380","in stock","new","430 BDT","https://glamourstouch.com/product/74eed68c-c382-4084-bed4-8b7afd7cac93","https://fmcltrjnuvuooarkvufn.supabase.co/storage/v1/object/public/products/product-images/koba-74eed68c-c382-4084-bed4-8b7afd7cac93.jpg","Lebelage","Health & Beauty > Personal Care > Cosmetics","https://m.me/1002146686323797?ref=74eed68c-c382-4084-bed4-8b7afd7cac93"
"9f39b9b7-cb87-4e3f-ae1c-d903eeaef31d","Holika Holika Aloe Hydro Formula 96% Soothing Gel 55 ml","Minimum Retail Selling Price: ৳ 650","in stock","new","600 BDT","https://glamourstouch.com/product/9f39b9b7-cb87-4e3f-ae1c-d903eeaef31d","https://fmcltrjnuvuooarkvufn.supabase.co/storage/v1/object/public/products/product-images/koba-9f39b9b7-cb87-4e3f-ae1c-d903eeaef31d.jpg","Holika Holika","Health & Beauty > Personal Care > Cosmetics","https://m.me/1002146686323797?ref=9f39b9b7-cb87-4e3f-ae1c-d903eeaef31d"
"dad2e381-cbf6-4c42-9b26-95cfb705ac91","Kerasys Lovely & Romantic Perfumed rinse 250 ml","Minimum Retail Selling Price: ৳ 850","in stock","new","860 BDT","https://glamourstouch.com/product/dad2e381-cbf6-4c42-9b26-95cfb705ac91","https://fmcltrjnuvuooarkvufn.supabase.co/storage/v1/object/public/products/product-images/koba-dad2e381-cbf6-4c42-9b26-95cfb705ac91.jpg","Kerasys","Health & Beauty > Personal Care > Cosmetics","https://m.me/1002146686323797?ref=dad2e381-cbf6-4c42-9b26-95cfb705ac91"
"810be42b-b114-4a6c-9b80-ec281326267d","Beaute Melasma -X 3D Underarm Whitening Cure Cream 55 g","Minimum Retail Selling Price: ৳ 650 Beaute 3D Underarm Whitening Cure Cream 100 ml","in stock","new","700 BDT","https://glamourstouch.com/product/810be42b-b114-4a6c-9b80-ec281326267d","https://fmcltrjnuvuooarkvufn.supabase.co/storage/v1/object/public/products/product-images/koba-810be42b-b114-4a6c-9b80-ec281326267d.jpg","Beaute","Health & Beauty > Personal Care > Cosmetics","https://m.me/1002146686323797?ref=810be42b-b114-4a6c-9b80-ec281326267d"
"08a8ed36-465a-495c-ae06-ce7149debb4e","Ryo Cica Hair Loss Care Shampoo 543 ml","Minimum Retail Selling Price: ৳ 3,000","in stock","new","2970 BDT","https://glamourstouch.com/product/08a8ed36-465a-495c-ae06-ce7149debb4e","https://fmcltrjnuvuooarkvufn.supabase.co/storage/v1/object/public/products/product-images/koba-08a8ed36-465a-495c-ae06-ce7149debb4e.jpg","Ryo","Health & Beauty > Personal Care > Cosmetics","https://m.me/1002146686323797?ref=08a8ed36-465a-495c-ae06-ce7149debb4e"
"240875b0-415b-4178-92c5-11abcb9fa147","Kerasys Coconut Oil Shampoo 1 L","Minimum Retail Selling Price: ৳ 3,000","in stock","new","3360 BDT","https://glamourstouch.com/product/240875b0-415b-4178-92c5-11abcb9fa147","https://fmcltrjnuvuooarkvufn.supabase.co/storage/v1/object/public/products/product-images/koba-240875b0-415b-4178-92c5-11abcb9fa147.jpg","Kerasys","Health & Beauty > Personal Care > Cosmetics","https://m.me/1002146686323797?ref=240875b0-415b-4178-92c5-11abcb9fa147"
"4cdc6256-69ed-4435-bda9-c723cec4eba2","RYO Root:Gen For Women Hair Loss Care Shampoo 242 ml","RYO Root:Gen For Women Hair Loss Care Shampoo 242 ml","in stock","new","1830 BDT","https://glamourstouch.com/product/4cdc6256-69ed-4435-bda9-c723cec4eba2","https://fmcltrjnuvuooarkvufn.supabase.co/storage/v1/object/public/products/product-images/koba-4cdc6256-69ed-4435-bda9-c723cec4eba2.jpg","RYO","Health & Beauty > Personal Care > Cosmetics","https://m.me/1002146686323797?ref=4cdc6256-69ed-4435-bda9-c723cec4eba2"
"d14eac52-f1ff-4b34-a727-f517768f2190","Kerasys Scalp Spa Conditioner Fresh Floral 750 ml","Minimum Retail Selling Price: ৳ 2,100","in stock","new","2500 BDT","https://glamourstouch.com/product/d14eac52-f1ff-4b34-a727-f517768f2190","https://fmcltrjnuvuooarkvufn.supabase.co/storage/v1/object/public/products/product-images/koba-d14eac52-f1ff-4b34-a727-f517768f2190.jpg","Kerasys","Health & Beauty > Personal Care > Cosmetics","https://m.me/1002146686323797?ref=d14eac52-f1ff-4b34-a727-f517768f2190"
"dcfcfd47-4ae5-4be3-9cb5-6aa349aee431","Raip R2 No Wash Keratin Treatment Original 250ml","Raip R2 No Wash Keratin Treatment Original 250ml","in stock","new","1330 BDT","https://glamourstouch.com/product/dcfcfd47-4ae5-4be3-9cb5-6aa349aee431","https://fmcltrjnuvuooarkvufn.supabase.co/storage/v1/object/public/products/product-images/koba-dcfcfd47-4ae5-4be3-9cb5-6aa349aee431.jpg","Raip","Health & Beauty > Personal Care > Cosmetics","https://m.me/1002146686323797?ref=dcfcfd47-4ae5-4be3-9cb5-6aa349aee431"
"0415e699-e2f3-478e-bd0f-936e8bdeed5c","Kerasys perfume lovely shampoo 200 ml","Kerasys perfume lovely shampoo 200 ml","in stock","new","760 BDT","https://glamourstouch.com/product/0415e699-e2f3-478e-bd0f-936e8bdeed5c","https://fmcltrjnuvuooarkvufn.supabase.co/storage/v1/object/public/products/product-images/koba-0415e699-e2f3-478e-bd0f-936e8bdeed5c.jpg","Kerasys","Health & Beauty > Personal Care > Cosmetics","https://m.me/1002146686323797?ref=0415e699-e2f3-478e-bd0f-936e8bdeed5c"
"2090c6be-c226-4f8a-bfec-4cb5c640d34e","Dabo Black Snail Retinal A+ Solution Ampoule 80 ml","Minimum Retail Selling Price: ৳ 1,200","in stock","new","1140 BDT","https://glamourstouch.com/product/2090c6be-c226-4f8a-bfec-4cb5c640d34e","https://fmcltrjnuvuooarkvufn.supabase.co/storage/v1/object/public/products/product-images/koba-2090c6be-c226-4f8a-bfec-4cb5c640d34e.jpg","Dabo","Health & Beauty > Personal Care > Cosmetics","https://m.me/1002146686323797?ref=2090c6be-c226-4f8a-bfec-4cb5c640d34e"
"1d23f2b6-3f76-4781-a41e-11de996d1c32","Dabo All In One Collagen Lifting Tone-Up Cream 50 ml ","","in stock","new","1080 BDT","https://glamourstouch.com/product/1d23f2b6-3f76-4781-a41e-11de996d1c32","https://fmcltrjnuvuooarkvufn.supabase.co/storage/v1/object/public/products/product-images/1cecce6e-50ec-4a9b-b649-e665ef263fc8.jpg","Dabo","Health & Beauty > Personal Care > Cosmetics","https://m.me/1002146686323797?ref=1d23f2b6-3f76-4781-a41e-11de996d1c32"
"e050910a-3100-4640-8bfd-6e51f7c2348d","Missha Soft Finish Sun Milk SPF50+ Pa+++ 70 ml ","","in stock","new","1340 BDT","https://glamourstouch.com/product/e050910a-3100-4640-8bfd-6e51f7c2348d","https://fmcltrjnuvuooarkvufn.supabase.co/storage/v1/object/public/products/product-images/ffcb07dc-9e41-4eea-912e-3b1cdd1b6fdf.jpg","Missha","Health & Beauty > Personal Care > Cosmetics","https://m.me/1002146686323797?ref=e050910a-3100-4640-8bfd-6e51f7c2348d"
"58276548-2830-4c77-a129-f4b11d0f4e14","Medicube Zero Pore Blackhead Mud Mask 100g ","","in stock","new","1750 BDT","https://glamourstouch.com/product/58276548-2830-4c77-a129-f4b11d0f4e14","https://fmcltrjnuvuooarkvufn.supabase.co/storage/v1/object/public/products/product-images/3bec3282-7d7d-488c-92e4-5e514de4c4ee.jpg","Medicube","Health & Beauty > Personal Care > Cosmetics","https://m.me/1002146686323797?ref=58276548-2830-4c77-a129-f4b11d0f4e14"
"56e60ed5-487f-4a01-8300-04807d044f64","Dabo All in One Black Snail Repair Cream 50 ml ","","in stock","new","620 BDT","https://glamourstouch.com/product/56e60ed5-487f-4a01-8300-04807d044f64","https://fmcltrjnuvuooarkvufn.supabase.co/storage/v1/object/public/products/product-images/dcd47f61-0e71-4b89-b2a8-8b67e91524ac.jpg","Dabo","Health & Beauty > Personal Care > Cosmetics","https://m.me/1002146686323797?ref=56e60ed5-487f-4a01-8300-04807d044f64"
"02b2a654-1ece-490d-aee3-750a4965e28f","Dabo Pink Cica Tone Up Serum 30g","Minimum Retail Selling Price: ৳ 1,150","in stock","new","1140 BDT","https://glamourstouch.com/product/02b2a654-1ece-490d-aee3-750a4965e28f","https://fmcltrjnuvuooarkvufn.supabase.co/storage/v1/object/public/products/product-images/koba-02b2a654-1ece-490d-aee3-750a4965e28f.jpg","Dabo","Health & Beauty > Personal Care > Cosmetics","https://m.me/1002146686323797?ref=02b2a654-1ece-490d-aee3-750a4965e28f"
"3b973f4e-b406-4196-81e9-ae169b251bdf","Oriox Aroma Perfume Mist 15 ml","Minimum Retail Selling Price: ৳ 450","in stock","new","460 BDT","https://glamourstouch.com/product/3b973f4e-b406-4196-81e9-ae169b251bdf","https://fmcltrjnuvuooarkvufn.supabase.co/storage/v1/object/public/products/product-images/koba-3b973f4e-b406-4196-81e9-ae169b251bdf.jpg","Oriox","Health & Beauty > Personal Care > Cosmetics","https://m.me/1002146686323797?ref=3b973f4e-b406-4196-81e9-ae169b251bdf"
"47e8417b-ba64-4549-89b2-62bff11ff94c","SKIN1004 Madagascar Centella Light Cleansing Oil 30 ml","Minimum Retail Selling Price: ৳ 750","in stock","new","790 BDT","https://glamourstouch.com/product/47e8417b-ba64-4549-89b2-62bff11ff94c","https://fmcltrjnuvuooarkvufn.supabase.co/storage/v1/object/public/products/product-images/koba-47e8417b-ba64-4549-89b2-62bff11ff94c.jpg","SKIN1004","Health & Beauty > Personal Care > Cosmetics","https://m.me/1002146686323797?ref=47e8417b-ba64-4549-89b2-62bff11ff94c"
"1f618bdb-8057-43ba-8c2c-512c168b181a","Green Finger Panthedin Face Cream 50 ml","Minimum Retail Selling Price: ৳ 1,150","in stock","new","1070 BDT","https://glamourstouch.com/product/1f618bdb-8057-43ba-8c2c-512c168b181a","https://fmcltrjnuvuooarkvufn.supabase.co/storage/v1/object/public/products/product-images/koba-1f618bdb-8057-43ba-8c2c-512c168b181a.jpg","Green","Health & Beauty > Personal Care > Cosmetics","https://m.me/1002146686323797?ref=1f618bdb-8057-43ba-8c2c-512c168b181a"
"cdfd02df-c1ce-4c3a-bdca-b9a9df2d4eff","Isntree Hyaluronic Acid Watery Sun Gel Spf 50+ PA++++ UVA/UVB 50ml","Minimum Retail Selling Price: ৳ 1,450","in stock","new","1610 BDT","https://glamourstouch.com/product/cdfd02df-c1ce-4c3a-bdca-b9a9df2d4eff","https://fmcltrjnuvuooarkvufn.supabase.co/storage/v1/object/public/products/product-images/koba-cdfd02df-c1ce-4c3a-bdca-b9a9df2d4eff.jpg","Isntree","Health & Beauty > Personal Care > Cosmetics","https://m.me/1002146686323797?ref=cdfd02df-c1ce-4c3a-bdca-b9a9df2d4eff"
"3a7c22bc-f223-49ee-bcc8-01f0c9e84f94","SKIN1004  Madagascar Centella Light Cleansing Oil  200 ml","Minimum Retail Selling Price: ৳ 1950","in stock","new","2070 BDT","https://glamourstouch.com/product/3a7c22bc-f223-49ee-bcc8-01f0c9e84f94","https://fmcltrjnuvuooarkvufn.supabase.co/storage/v1/object/public/products/product-images/koba-3a7c22bc-f223-49ee-bcc8-01f0c9e84f94.jpg","SKIN1004","Health & Beauty > Personal Care > Cosmetics","https://m.me/1002146686323797?ref=3a7c22bc-f223-49ee-bcc8-01f0c9e84f94"
"5b9e152e-9c20-4676-ae92-88d04b060089","Dabo Royal Caviar Time off Cream 55 ml","Minimum Retail Selling Price: ৳ 1100","in stock","new","1260 BDT","https://glamourstouch.com/product/5b9e152e-9c20-4676-ae92-88d04b060089","https://fmcltrjnuvuooarkvufn.supabase.co/storage/v1/object/public/products/product-images/koba-5b9e152e-9c20-4676-ae92-88d04b060089.jpg","Dabo","Health & Beauty > Personal Care > Cosmetics","https://m.me/1002146686323797?ref=5b9e152e-9c20-4676-ae92-88d04b060089"
"5a630450-8e2b-46c7-aa8a-4bb9c346e69d","Dabo Skin Relief Hand Cream  Snail 75 ml","Minimum Retail Selling Price: ৳ 400","in stock","new","430 BDT","https://glamourstouch.com/product/5a630450-8e2b-46c7-aa8a-4bb9c346e69d","https://fmcltrjnuvuooarkvufn.supabase.co/storage/v1/object/public/products/product-images/koba-5a630450-8e2b-46c7-aa8a-4bb9c346e69d.jpg","Dabo","Health & Beauty > Personal Care > Cosmetics","https://m.me/1002146686323797?ref=5a630450-8e2b-46c7-aa8a-4bb9c346e69d"
"321c5dc9-f80b-4d27-8b4c-aa10abbcd835","I'm from Fig Boosting Essence 30 ml","Minimum Retail Selling Price: ৳ 850","in stock","new","930 BDT","https://glamourstouch.com/product/321c5dc9-f80b-4d27-8b4c-aa10abbcd835","https://fmcltrjnuvuooarkvufn.supabase.co/storage/v1/object/public/products/product-images/koba-321c5dc9-f80b-4d27-8b4c-aa10abbcd835.jpg","I'm","Health & Beauty > Personal Care > Cosmetics","https://m.me/1002146686323797?ref=321c5dc9-f80b-4d27-8b4c-aa10abbcd835"
"a73e43e7-5d66-42ab-a3a4-03b82fbc2c2a","P.Calm Cato Cream 80 ml","Minimum Retail Selling Price: ৳ 2150","in stock","new","2640 BDT","https://glamourstouch.com/product/a73e43e7-5d66-42ab-a3a4-03b82fbc2c2a","https://fmcltrjnuvuooarkvufn.supabase.co/storage/v1/object/public/products/product-images/koba-a73e43e7-5d66-42ab-a3a4-03b82fbc2c2a.jpg","P.Calm","Health & Beauty > Personal Care > Cosmetics","https://m.me/1002146686323797?ref=a73e43e7-5d66-42ab-a3a4-03b82fbc2c2a"
"2763f6be-0b58-439e-a0d9-60c5fe362553","AESTURA Atobarrier 365 Lotion  30 ml","Minimum Retail Selling Price: ৳ 980","in stock","new","700 BDT","https://glamourstouch.com/product/2763f6be-0b58-439e-a0d9-60c5fe362553","https://fmcltrjnuvuooarkvufn.supabase.co/storage/v1/object/public/products/product-images/koba-2763f6be-0b58-439e-a0d9-60c5fe362553.jpg","AESTURA","Health & Beauty > Personal Care > Cosmetics","https://m.me/1002146686323797?ref=2763f6be-0b58-439e-a0d9-60c5fe362553"
"6725f013-411a-4575-9263-9ac63ae0c0b0","Banila Co Clean It Zero Cleansing Balm Original (Acerola+) 100ml","Minimum Retail Selling Price: ৳ 1800","in stock","new","2130 BDT","https://glamourstouch.com/product/6725f013-411a-4575-9263-9ac63ae0c0b0","https://fmcltrjnuvuooarkvufn.supabase.co/storage/v1/object/public/products/product-images/koba-6725f013-411a-4575-9263-9ac63ae0c0b0.jpg","Banila","Health & Beauty > Personal Care > Cosmetics","https://m.me/1002146686323797?ref=6725f013-411a-4575-9263-9ac63ae0c0b0"
"b408da68-ed64-4bb5-b3f8-8f9e88ff3f25","LEBELAGE Heeyul Premium 24k Gold Essence  30 ml","Minimum Retail Selling Price: ৳ 480","in stock","new","470 BDT","https://glamourstouch.com/product/b408da68-ed64-4bb5-b3f8-8f9e88ff3f25","https://fmcltrjnuvuooarkvufn.supabase.co/storage/v1/object/public/products/product-images/koba-b408da68-ed64-4bb5-b3f8-8f9e88ff3f25.jpg","Lebelage","Health & Beauty > Personal Care > Cosmetics","https://m.me/1002146686323797?ref=b408da68-ed64-4bb5-b3f8-8f9e88ff3f25"
"c4bcdeab-a897-41f8-94a9-1cac7fe3c403","Cetaphil Moisturising Cream 453 g","Minimum Retail Selling Price: ৳ 3,500","in stock","new","4140 BDT","https://glamourstouch.com/product/c4bcdeab-a897-41f8-94a9-1cac7fe3c403","https://fmcltrjnuvuooarkvufn.supabase.co/storage/v1/object/public/products/product-images/koba-c4bcdeab-a897-41f8-94a9-1cac7fe3c403.jpg","Cetaphil","Health & Beauty > Personal Care > Cosmetics","https://m.me/1002146686323797?ref=c4bcdeab-a897-41f8-94a9-1cac7fe3c403"
"ccc13631-102f-4eeb-91ac-188d1314df74","Dr.Althea Pure Grinding Cleansing Balm  50ml","Minimum Retail Selling Price: ৳ 1580","in stock","new","1830 BDT","https://glamourstouch.com/product/ccc13631-102f-4eeb-91ac-188d1314df74","https://fmcltrjnuvuooarkvufn.supabase.co/storage/v1/object/public/products/product-images/koba-ccc13631-102f-4eeb-91ac-188d1314df74.jpg","Dr.Althea","Health & Beauty > Personal Care > Cosmetics","https://m.me/1002146686323797?ref=ccc13631-102f-4eeb-91ac-188d1314df74"
"e982b17d-3582-4bee-b71d-10103f9014b1","Kerasys Ginger Oil Itch Relief Cooling Anti-dandruff Shampoo 1 Liter","Minimum Retail Selling Price: ৳ 3000","in stock","new","3290 BDT","https://glamourstouch.com/product/e982b17d-3582-4bee-b71d-10103f9014b1","https://fmcltrjnuvuooarkvufn.supabase.co/storage/v1/object/public/products/product-images/koba-e982b17d-3582-4bee-b71d-10103f9014b1.jpg","Kerasys","Health & Beauty > Personal Care > Cosmetics","https://m.me/1002146686323797?ref=e982b17d-3582-4bee-b71d-10103f9014b1"
"27c9447e-caca-4b3f-867e-17c627eec0c7","Kerasys Peppermint Oil Scalp Cooling Anti-dandruff Shampoo 1 Liter","Minimum Retail Selling Price: ৳ 3000","in stock","new","3400 BDT","https://glamourstouch.com/product/27c9447e-caca-4b3f-867e-17c627eec0c7","https://fmcltrjnuvuooarkvufn.supabase.co/storage/v1/object/public/products/product-images/koba-27c9447e-caca-4b3f-867e-17c627eec0c7.jpg","Kerasys","Health & Beauty > Personal Care > Cosmetics","https://m.me/1002146686323797?ref=27c9447e-caca-4b3f-867e-17c627eec0c7"
"2e010717-522c-4a70-ac25-c346d6739a2c","3w Clinic Green Tea Cleansing Foam 100 ml","Minimum Retail Selling Price: ৳ 500","in stock","new","560 BDT","https://glamourstouch.com/product/2e010717-522c-4a70-ac25-c346d6739a2c","https://fmcltrjnuvuooarkvufn.supabase.co/storage/v1/object/public/products/product-images/koba-2e010717-522c-4a70-ac25-c346d6739a2c.jpg","3w Clinic","Health & Beauty > Personal Care > Cosmetics","https://m.me/1002146686323797?ref=2e010717-522c-4a70-ac25-c346d6739a2c"
"04d027ac-4198-4930-aec5-803dc1014a42","Raip Advanced 2x Argan Hair Oil 100 ml","Minimum Retail Selling Price: 1,150","in stock","new","1140 BDT","https://glamourstouch.com/product/04d027ac-4198-4930-aec5-803dc1014a42","https://fmcltrjnuvuooarkvufn.supabase.co/storage/v1/object/public/products/product-images/koba-04d027ac-4198-4930-aec5-803dc1014a42.jpg","Raip","Health & Beauty > Personal Care > Cosmetics","https://m.me/1002146686323797?ref=04d027ac-4198-4930-aec5-803dc1014a42"
"0747b48d-1d67-4be1-8c2b-1e6b080e34fa","ILLIYOON Ceramide Ato Lotion  350 ml","ILLIYOON Ceramide Ato Lotion 350 ml","in stock","new","2710 BDT","https://glamourstouch.com/product/0747b48d-1d67-4be1-8c2b-1e6b080e34fa","https://fmcltrjnuvuooarkvufn.supabase.co/storage/v1/object/public/products/product-images/koba-0747b48d-1d67-4be1-8c2b-1e6b080e34fa.jpg","Illiyoon","Health & Beauty > Personal Care > Cosmetics","https://m.me/1002146686323797?ref=0747b48d-1d67-4be1-8c2b-1e6b080e34fa"
"19a58ba8-04b3-4ba8-bab0-31d0632690d7","Kerasys Advanced Keratin Bond Volume Shampoo 600 ml","Minimum Retail Selling Price: 1,880","in stock","new","2110 BDT","https://glamourstouch.com/product/19a58ba8-04b3-4ba8-bab0-31d0632690d7","https://fmcltrjnuvuooarkvufn.supabase.co/storage/v1/object/public/products/product-images/koba-19a58ba8-04b3-4ba8-bab0-31d0632690d7.jpg","Kerasys","Health & Beauty > Personal Care > Cosmetics","https://m.me/1002146686323797?ref=19a58ba8-04b3-4ba8-bab0-31d0632690d7"
"cd603487-68a1-46d9-9f48-41ca6dbe8971","Care:nel Derma Alpha Arbutin Glutathione Whitening Cream 45 ml ","","in stock","new","1100 BDT","https://glamourstouch.com/product/cd603487-68a1-46d9-9f48-41ca6dbe8971","https://fmcltrjnuvuooarkvufn.supabase.co/storage/v1/object/public/products/product-images/f48ef5b0-5761-421f-9a88-dd781051cbd6.jpg","Care:nel","Health & Beauty > Personal Care > Cosmetics","https://m.me/1002146686323797?ref=cd603487-68a1-46d9-9f48-41ca6dbe8971"
"8c3572c0-2ab5-4fb3-9d81-28bd1c653431","Aplb Glutathione Niacinamide Facial Cream 55 ml ","","in stock","new","1090 BDT","https://glamourstouch.com/product/8c3572c0-2ab5-4fb3-9d81-28bd1c653431","https://fmcltrjnuvuooarkvufn.supabase.co/storage/v1/object/public/products/product-images/9fbcf336-f6b2-4363-9947-d6a7bb04d569.jpg","Aplb ","Health & Beauty > Personal Care > Cosmetics","https://m.me/1002146686323797?ref=8c3572c0-2ab5-4fb3-9d81-28bd1c653431"
"4852961d-a226-462e-9a3a-018e39827d2c","Dabo Cica Calming Biome 5D Deep Cica Aux Super 10 Hyalurin Calming Cream 50 ml","Minimum Retail Selling Price: ৳ 1,100","in stock","new","1100 BDT","https://glamourstouch.com/product/4852961d-a226-462e-9a3a-018e39827d2c","https://fmcltrjnuvuooarkvufn.supabase.co/storage/v1/object/public/products/product-images/koba-4852961d-a226-462e-9a3a-018e39827d2c.jpg","Dabo","Health & Beauty > Personal Care > Cosmetics","https://m.me/1002146686323797?ref=4852961d-a226-462e-9a3a-018e39827d2c"
"635c8f0f-0d58-4bf6-abb0-46b14dd629ba","Kerasys Advanced Keratin Bond Purifying Shampoo 600 ml","Minimum Retail Selling Price: 1,880","in stock","new","2110 BDT","https://glamourstouch.com/product/635c8f0f-0d58-4bf6-abb0-46b14dd629ba","https://fmcltrjnuvuooarkvufn.supabase.co/storage/v1/object/public/products/product-images/koba-635c8f0f-0d58-4bf6-abb0-46b14dd629ba.jpg","Kerasys","Health & Beauty > Personal Care > Cosmetics","https://m.me/1002146686323797?ref=635c8f0f-0d58-4bf6-abb0-46b14dd629ba"
"feea886a-98f9-410f-9689-0de80bb15f0c","Kerasys Advanced Keratin Bond Deep Repair Treatment 750 ml","Minimum Retail Selling Price: 1,850","in stock","new","2110 BDT","https://glamourstouch.com/product/feea886a-98f9-410f-9689-0de80bb15f0c","https://fmcltrjnuvuooarkvufn.supabase.co/storage/v1/object/public/products/product-images/koba-feea886a-98f9-410f-9689-0de80bb15f0c.jpg","Kerasys","Health & Beauty > Personal Care > Cosmetics","https://m.me/1002146686323797?ref=feea886a-98f9-410f-9689-0de80bb15f0c"
"c4b7f722-e00c-4ab2-a0eb-0d21ae83d5a0","Dr.Althea To Be Youthful Eye Serum 25 ml","Minimum Retail Selling Price: 950","in stock","new","1055 BDT","https://glamourstouch.com/product/c4b7f722-e00c-4ab2-a0eb-0d21ae83d5a0","https://fmcltrjnuvuooarkvufn.supabase.co/storage/v1/object/public/products/product-images/koba-c4b7f722-e00c-4ab2-a0eb-0d21ae83d5a0.jpg","Dr.Althea","Health & Beauty > Personal Care > Cosmetics","https://m.me/1002146686323797?ref=c4b7f722-e00c-4ab2-a0eb-0d21ae83d5a0"
"84780f4b-4961-4cc9-bfbc-d855e84b1f32","Double-Layered Korean Comforter – Soft, Warm, and Elegant","Minimum Retail Selling Price: ৳ 11000","in stock","new","11430 BDT","https://glamourstouch.com/product/84780f4b-4961-4cc9-bfbc-d855e84b1f32","https://fmcltrjnuvuooarkvufn.supabase.co/storage/v1/object/public/products/product-images/koba-84780f4b-4961-4cc9-bfbc-d855e84b1f32.jpg","Double-Layered","Health & Beauty > Personal Care > Cosmetics","https://m.me/1002146686323797?ref=84780f4b-4961-4cc9-bfbc-d855e84b1f32"
"a6785100-1747-49e7-878c-f2b92be0b580","On the body  Cashmere Perfume Happy Breeze  400 ml","Minimum Retail Selling Price: 1,650","in stock","new","1740 BDT","https://glamourstouch.com/product/a6785100-1747-49e7-878c-f2b92be0b580","https://fmcltrjnuvuooarkvufn.supabase.co/storage/v1/object/public/products/product-images/koba-a6785100-1747-49e7-878c-f2b92be0b580.jpg","On","Health & Beauty > Personal Care > Cosmetics","https://m.me/1002146686323797?ref=a6785100-1747-49e7-878c-f2b92be0b580"
"00e4114e-4394-4f24-aea3-55b2bb15a041","Medicube Zero Pore Cream 2.0 50 ml","Medicube Zero Pore Cream 2.0 50 ml","in stock","new","2210 BDT","https://glamourstouch.com/product/00e4114e-4394-4f24-aea3-55b2bb15a041","https://fmcltrjnuvuooarkvufn.supabase.co/storage/v1/object/public/products/product-images/koba-00e4114e-4394-4f24-aea3-55b2bb15a041.jpg","Medicube","Health & Beauty > Personal Care > Cosmetics","https://m.me/1002146686323797?ref=00e4114e-4394-4f24-aea3-55b2bb15a041"
"374d1d55-3875-4d25-8f40-d3cb50b37cf1","On the body  Cashmere Perfume Sweet Love  400 ml","Minimum Retail Selling Price: 1,650","in stock","new","1740 BDT","https://glamourstouch.com/product/374d1d55-3875-4d25-8f40-d3cb50b37cf1","https://fmcltrjnuvuooarkvufn.supabase.co/storage/v1/object/public/products/product-images/koba-374d1d55-3875-4d25-8f40-d3cb50b37cf1.jpg","On","Health & Beauty > Personal Care > Cosmetics","https://m.me/1002146686323797?ref=374d1d55-3875-4d25-8f40-d3cb50b37cf1"
"0223acef-9987-4b6f-8297-47c2c3eed1e6","K-Secret Seoul 1988 Cleansing Oil : Pine Cica 1% + Probiotics 200 ml","Minimum Retail Selling Price: 1,900","in stock","new","2260 BDT","https://glamourstouch.com/product/0223acef-9987-4b6f-8297-47c2c3eed1e6","https://fmcltrjnuvuooarkvufn.supabase.co/storage/v1/object/public/products/product-images/koba-0223acef-9987-4b6f-8297-47c2c3eed1e6.jpg","K-Secret","Health & Beauty > Personal Care > Cosmetics","https://m.me/1002146686323797?ref=0223acef-9987-4b6f-8297-47c2c3eed1e6"
"f903be89-121d-49b9-869e-38d4bee9daf6","Laneige Water Sleeping Mask Ex  15 ml","Minimum Retail Selling Price: ৳ 280","in stock","new","290 BDT","https://glamourstouch.com/product/f903be89-121d-49b9-869e-38d4bee9daf6","https://fmcltrjnuvuooarkvufn.supabase.co/storage/v1/object/public/products/product-images/koba-f903be89-121d-49b9-869e-38d4bee9daf6.jpg","Laneige","Health & Beauty > Personal Care > Cosmetics","https://m.me/1002146686323797?ref=f903be89-121d-49b9-869e-38d4bee9daf6"
"8d448080-fc56-4d30-bc40-114cd38c8233","Phytotree Triple Whitening Tone Up Cream 100 ml","Minimum Retail Selling Price: ৳ 1,650","in stock","new","1690 BDT","https://glamourstouch.com/product/8d448080-fc56-4d30-bc40-114cd38c8233","https://fmcltrjnuvuooarkvufn.supabase.co/storage/v1/object/public/products/product-images/koba-8d448080-fc56-4d30-bc40-114cd38c8233.jpg","Phytotree","Health & Beauty > Personal Care > Cosmetics","https://m.me/1002146686323797?ref=8d448080-fc56-4d30-bc40-114cd38c8233"
"3d7a442c-f2a1-4f92-b1bf-a2dd4e187637","Korean Electric Bed Heater","Minimum Retail Selling Price: ৳ 5500","in stock","new","6000 BDT","https://glamourstouch.com/product/3d7a442c-f2a1-4f92-b1bf-a2dd4e187637","https://fmcltrjnuvuooarkvufn.supabase.co/storage/v1/object/public/products/product-images/koba-3d7a442c-f2a1-4f92-b1bf-a2dd4e187637.jpg","Korean","Health & Beauty > Personal Care > Cosmetics","https://m.me/1002146686323797?ref=3d7a442c-f2a1-4f92-b1bf-a2dd4e187637"
"210e31b0-8c24-4743-9f61-917ace8b21ff","W. Skin Laboratory A.M Clearing Toner 250 ml","Minimum Retail Selling Price: ৳ 1,850","in stock","new","1930 BDT","https://glamourstouch.com/product/210e31b0-8c24-4743-9f61-917ace8b21ff","https://fmcltrjnuvuooarkvufn.supabase.co/storage/v1/object/public/products/product-images/koba-210e31b0-8c24-4743-9f61-917ace8b21ff.jpg","W.","Health & Beauty > Personal Care > Cosmetics","https://m.me/1002146686323797?ref=210e31b0-8c24-4743-9f61-917ace8b21ff"
"e01e4865-a580-444b-b66a-9059cdaf21c1","W. Skin Laboratory A.M Cream 50 ml","Minimum Retail Selling Price: ৳ 1300","in stock","new","1360 BDT","https://glamourstouch.com/product/e01e4865-a580-444b-b66a-9059cdaf21c1","https://fmcltrjnuvuooarkvufn.supabase.co/storage/v1/object/public/products/product-images/koba-e01e4865-a580-444b-b66a-9059cdaf21c1.jpg","W.","Health & Beauty > Personal Care > Cosmetics","https://m.me/1002146686323797?ref=e01e4865-a580-444b-b66a-9059cdaf21c1"
"0f6c6e45-7e93-42d2-a19e-db143b5a767e","Double-Layered Korean Blanket – Soft, Warm, and Elegant","Minimum Retail Selling Price: ৳ 9200","in stock","new","10000 BDT","https://glamourstouch.com/product/0f6c6e45-7e93-42d2-a19e-db143b5a767e","https://fmcltrjnuvuooarkvufn.supabase.co/storage/v1/object/public/products/product-images/koba-0f6c6e45-7e93-42d2-a19e-db143b5a767e.jpg","Double-Layered","Health & Beauty > Personal Care > Cosmetics","https://m.me/1002146686323797?ref=0f6c6e45-7e93-42d2-a19e-db143b5a767e"
"769c7a03-be00-428e-a597-e5859d501729","On the body The Natural Nourishing Coconut Body Lotion 400 ml","Minimum Retail Selling Price: ৳ 1,580","in stock","new","1740 BDT","https://glamourstouch.com/product/769c7a03-be00-428e-a597-e5859d501729","https://fmcltrjnuvuooarkvufn.supabase.co/storage/v1/object/public/products/product-images/koba-769c7a03-be00-428e-a597-e5859d501729.jpg","On","Health & Beauty > Personal Care > Cosmetics","https://m.me/1002146686323797?ref=769c7a03-be00-428e-a597-e5859d501729"
"7ea245ab-2132-4dda-a04c-acda4def1fc0","Dabo Black Force For Men Foam Cleanser 120 ml","Minimum Retail Selling Price: ৳ 700","in stock","new","820 BDT","https://glamourstouch.com/product/7ea245ab-2132-4dda-a04c-acda4def1fc0","https://fmcltrjnuvuooarkvufn.supabase.co/storage/v1/object/public/products/product-images/koba-7ea245ab-2132-4dda-a04c-acda4def1fc0.jpg","Dabo","Health & Beauty > Personal Care > Cosmetics","https://m.me/1002146686323797?ref=7ea245ab-2132-4dda-a04c-acda4def1fc0"
"781e1737-9c3a-4c08-825b-a9ad876c141d","Dabo Skin Relief Hand Cream  Collagen 75 ml","Minimum Retail Selling Price: ৳ 400","in stock","new","430 BDT","https://glamourstouch.com/product/781e1737-9c3a-4c08-825b-a9ad876c141d","https://fmcltrjnuvuooarkvufn.supabase.co/storage/v1/object/public/products/product-images/koba-781e1737-9c3a-4c08-825b-a9ad876c141d.jpg","Dabo","Health & Beauty > Personal Care > Cosmetics","https://m.me/1002146686323797?ref=781e1737-9c3a-4c08-825b-a9ad876c141d"
"4b2ad7c0-a73e-4b74-8e44-a4d9c3ae5f05","Dabo Glow Tok Hyaluron 8 Dive Sun Serum SPF 50+ PA++++ 30 ml","Minimum Retail Selling Price: ৳ 1,200","in stock","new","1070 BDT","https://glamourstouch.com/product/4b2ad7c0-a73e-4b74-8e44-a4d9c3ae5f05","https://fmcltrjnuvuooarkvufn.supabase.co/storage/v1/object/public/products/product-images/koba-4b2ad7c0-a73e-4b74-8e44-a4d9c3ae5f05.jpg","Dabo","Health & Beauty > Personal Care > Cosmetics","https://m.me/1002146686323797?ref=4b2ad7c0-a73e-4b74-8e44-a4d9c3ae5f05"
"eb2c9211-4f73-4b5d-98c6-c797f5472207","Purito Mighty Bamboo Panthenol Cream  100 ml","Minimum Retail Selling Price: ৳ 1,850","in stock","new","2060 BDT","https://glamourstouch.com/product/eb2c9211-4f73-4b5d-98c6-c797f5472207","https://fmcltrjnuvuooarkvufn.supabase.co/storage/v1/object/public/products/product-images/koba-eb2c9211-4f73-4b5d-98c6-c797f5472207.jpg","Purito","Health & Beauty > Personal Care > Cosmetics","https://m.me/1002146686323797?ref=eb2c9211-4f73-4b5d-98c6-c797f5472207"
"74469e23-4317-4c3c-9ea0-1348c25e56f8","AXIS-Y The Mini Glow Trio Set","Minimum Retail Selling Price: 1,080","in stock","new","1110 BDT","https://glamourstouch.com/product/74469e23-4317-4c3c-9ea0-1348c25e56f8","https://fmcltrjnuvuooarkvufn.supabase.co/storage/v1/object/public/products/product-images/koba-74469e23-4317-4c3c-9ea0-1348c25e56f8.jpg","AXIS-Y","Health & Beauty > Personal Care > Cosmetics","https://m.me/1002146686323797?ref=74469e23-4317-4c3c-9ea0-1348c25e56f8"
"e515eef7-8985-42b7-b39f-085eb0741854","Beaute Glutathione Brightening Tone Up Cream 45 ml, Koria","","in stock","new","640 BDT","https://glamourstouch.com/product/e515eef7-8985-42b7-b39f-085eb0741854","https://fmcltrjnuvuooarkvufn.supabase.co/storage/v1/object/public/products/product-images/16f50984-4dcf-47bb-84d1-c89ba917e265.jpg","Beaute","Health & Beauty > Personal Care > Cosmetics","https://m.me/1002146686323797?ref=e515eef7-8985-42b7-b39f-085eb0741854"
"ee58cee6-b77d-4862-8bf4-ce24b63e2642","Care:nel Anti-Melasma Cica Cream 40 ml","Minimum Retail Selling Price: ৳ 1,250","in stock","new","1290 BDT","https://glamourstouch.com/product/ee58cee6-b77d-4862-8bf4-ce24b63e2642","https://fmcltrjnuvuooarkvufn.supabase.co/storage/v1/object/public/products/product-images/koba-ee58cee6-b77d-4862-8bf4-ce24b63e2642.jpg","Care:nel","Health & Beauty > Personal Care > Cosmetics","https://m.me/1002146686323797?ref=ee58cee6-b77d-4862-8bf4-ce24b63e2642"
"d5d4cbd8-7399-438c-a18e-a91477afb6d8","Laneige Water Sleeping Mask Ex  70 ml","Minimum Retail Selling Price: ৳ 1,850","in stock","new","2070 BDT","https://glamourstouch.com/product/d5d4cbd8-7399-438c-a18e-a91477afb6d8","https://fmcltrjnuvuooarkvufn.supabase.co/storage/v1/object/public/products/product-images/koba-d5d4cbd8-7399-438c-a18e-a91477afb6d8.jpg","Laneige","Health & Beauty > Personal Care > Cosmetics","https://m.me/1002146686323797?ref=d5d4cbd8-7399-438c-a18e-a91477afb6d8"
"460adda0-78a2-4d50-a81e-0a9ced72ea94","MediFlower The Secret Garden Of Five Hand Cream (5*50g)","Minimum Retail Selling Price: ৳ 2000","in stock","new","2260 BDT","https://glamourstouch.com/product/460adda0-78a2-4d50-a81e-0a9ced72ea94","https://fmcltrjnuvuooarkvufn.supabase.co/storage/v1/object/public/products/product-images/koba-460adda0-78a2-4d50-a81e-0a9ced72ea94.jpg","MediFlower","Health & Beauty > Personal Care > Cosmetics","https://m.me/1002146686323797?ref=460adda0-78a2-4d50-a81e-0a9ced72ea94"
"4da5365b-399a-46eb-9fc8-a9200823d60d","ILLIYOON Ceramide Ato Lotion  128 ml","Minimum Retail Selling Price: ৳ 1380","in stock","new","1310 BDT","https://glamourstouch.com/product/4da5365b-399a-46eb-9fc8-a9200823d60d","https://fmcltrjnuvuooarkvufn.supabase.co/storage/v1/object/public/products/product-images/koba-4da5365b-399a-46eb-9fc8-a9200823d60d.jpg","Illiyoon","Health & Beauty > Personal Care > Cosmetics","https://m.me/1002146686323797?ref=4da5365b-399a-46eb-9fc8-a9200823d60d"
"a58a8aff-6f4e-45e8-bc8e-288924579f14","Dabo Glow On Tone-Up Sun Rosy Pink Spf 50+ Pa+++ 50 ml","Minimum Retail Selling Price: ৳ 750","in stock","new","690 BDT","https://glamourstouch.com/product/a58a8aff-6f4e-45e8-bc8e-288924579f14","https://fmcltrjnuvuooarkvufn.supabase.co/storage/v1/object/public/products/product-images/koba-a58a8aff-6f4e-45e8-bc8e-288924579f14.jpg","Dabo","Health & Beauty > Personal Care > Cosmetics","https://m.me/1002146686323797?ref=a58a8aff-6f4e-45e8-bc8e-288924579f14"
"b436369f-23a5-4bfa-aadd-e3ce5d023d9a","ILLIYOON Upgrade Ceramide Ato Trial Kit","Minimum Retail Selling Price: ৳ 1,600","in stock","new","1640 BDT","https://glamourstouch.com/product/b436369f-23a5-4bfa-aadd-e3ce5d023d9a","https://fmcltrjnuvuooarkvufn.supabase.co/storage/v1/object/public/products/product-images/koba-b436369f-23a5-4bfa-aadd-e3ce5d023d9a.jpg","Illiyoon","Health & Beauty > Personal Care > Cosmetics","https://m.me/1002146686323797?ref=b436369f-23a5-4bfa-aadd-e3ce5d023d9a"
"d0af5b3d-637f-4046-8c4b-39ba61a7d3c9","Dabo T-Tree Cica Acne Cleansing Foam 120 ml","Minimum Retail Selling Price: ৳ 950","in stock","new","930 BDT","https://glamourstouch.com/product/d0af5b3d-637f-4046-8c4b-39ba61a7d3c9","https://fmcltrjnuvuooarkvufn.supabase.co/storage/v1/object/public/products/product-images/koba-d0af5b3d-637f-4046-8c4b-39ba61a7d3c9.jpg","Dabo","Health & Beauty > Personal Care > Cosmetics","https://m.me/1002146686323797?ref=d0af5b3d-637f-4046-8c4b-39ba61a7d3c9"
"d75e29ad-ea75-49e6-9f47-c24116e9cea2","The Ordinary Alpha Arbutin 2% + Ha 30 ml","Minimum Retail Selling Price: ৳ 1,900","in stock","new","1955 BDT","https://glamourstouch.com/product/d75e29ad-ea75-49e6-9f47-c24116e9cea2","https://fmcltrjnuvuooarkvufn.supabase.co/storage/v1/object/public/products/product-images/koba-d75e29ad-ea75-49e6-9f47-c24116e9cea2.jpg","The Ordinary","Health & Beauty > Personal Care > Cosmetics","https://m.me/1002146686323797?ref=d75e29ad-ea75-49e6-9f47-c24116e9cea2"
"c08fcf5a-f9c5-4c5f-841b-b0497e321d50","RYO Root:Gen For Women Hair Loss Care Treatment (Root Volumizing) 100 ml","Minimum Retail Selling Price: ৳ 500","in stock","new","610 BDT","https://glamourstouch.com/product/c08fcf5a-f9c5-4c5f-841b-b0497e321d50","https://fmcltrjnuvuooarkvufn.supabase.co/storage/v1/object/public/products/product-images/koba-c08fcf5a-f9c5-4c5f-841b-b0497e321d50.jpg","RYO","Health & Beauty > Personal Care > Cosmetics","https://m.me/1002146686323797?ref=c08fcf5a-f9c5-4c5f-841b-b0497e321d50"
"e3e37070-169e-4efc-875b-9e3dc0668ddf","The Face Shop Rich Hand V Hand & Foot Total Treatment 120ml","Minimum Retail Selling Price: ৳ 1,150","in stock","new","1210 BDT","https://glamourstouch.com/product/e3e37070-169e-4efc-875b-9e3dc0668ddf","https://fmcltrjnuvuooarkvufn.supabase.co/storage/v1/object/public/products/product-images/koba-e3e37070-169e-4efc-875b-9e3dc0668ddf.jpg","The Face Shop","Health & Beauty > Personal Care > Cosmetics","https://m.me/1002146686323797?ref=e3e37070-169e-4efc-875b-9e3dc0668ddf"
"737a62ed-543a-4e21-9a80-e36633a3eb0a","On the body The Natural Relaxing Lavender Body Lotion 400 ml","Minimum Retail Selling Price: ৳ 1,580","in stock","new","1790 BDT","https://glamourstouch.com/product/737a62ed-543a-4e21-9a80-e36633a3eb0a","https://fmcltrjnuvuooarkvufn.supabase.co/storage/v1/object/public/products/product-images/koba-737a62ed-543a-4e21-9a80-e36633a3eb0a.jpg","On","Health & Beauty > Personal Care > Cosmetics","https://m.me/1002146686323797?ref=737a62ed-543a-4e21-9a80-e36633a3eb0a"
"a8d71aac-fd4c-47c7-938a-dac2851a5bb9","On the body English Iris Nourishing Body Lotion 400 ml","On the body English Iris Nourishing Body Lotion 400 ml","in stock","new","1740 BDT","https://glamourstouch.com/product/a8d71aac-fd4c-47c7-938a-dac2851a5bb9","https://fmcltrjnuvuooarkvufn.supabase.co/storage/v1/object/public/products/product-images/koba-a8d71aac-fd4c-47c7-938a-dac2851a5bb9.jpg","On","Health & Beauty > Personal Care > Cosmetics","https://m.me/1002146686323797?ref=a8d71aac-fd4c-47c7-938a-dac2851a5bb9"
"bc1289e7-fb5e-4ff7-a258-a032620e3506","Clean Lab Rubber Gloves -Pink Large","Minimum Retail Sellin g Price: ৳ 400","in stock","new","500 BDT","https://glamourstouch.com/product/bc1289e7-fb5e-4ff7-a258-a032620e3506","https://fmcltrjnuvuooarkvufn.supabase.co/storage/v1/object/public/products/product-images/koba-bc1289e7-fb5e-4ff7-a258-a032620e3506.jpg","Clean","Health & Beauty > Personal Care > Cosmetics","https://m.me/1002146686323797?ref=bc1289e7-fb5e-4ff7-a258-a032620e3506"
"6091d20f-300c-4997-a91a-a208f8a6c286","LG Perioe Care Toothbrush","Minimum Retail Selling Price: ৳ 250","in stock","new","260 BDT","https://glamourstouch.com/product/6091d20f-300c-4997-a91a-a208f8a6c286","https://fmcltrjnuvuooarkvufn.supabase.co/storage/v1/object/public/products/product-images/koba-6091d20f-300c-4997-a91a-a208f8a6c286.jpg","LG","Health & Beauty > Personal Care > Cosmetics","https://m.me/1002146686323797?ref=6091d20f-300c-4997-a91a-a208f8a6c286"
"1c8bd29c-5b06-46e6-86f9-37d79cc2e77d","JMsolution Marine Luminous Pearl Deep Moisture Mask 27 ml","Minimum Retail Selling Price: ৳ 250","in stock","new","210 BDT","https://glamourstouch.com/product/1c8bd29c-5b06-46e6-86f9-37d79cc2e77d","https://fmcltrjnuvuooarkvufn.supabase.co/storage/v1/object/public/products/product-images/koba-1c8bd29c-5b06-46e6-86f9-37d79cc2e77d.jpg","JMsolution","Health & Beauty > Personal Care > Cosmetics","https://m.me/1002146686323797?ref=1c8bd29c-5b06-46e6-86f9-37d79cc2e77d"
"bea10beb-d75c-4096-983b-f283fa9df937","JIGOTT Whitening Activated Cream 100 ml","Minimum Retail Selling Price: ৳ 900","in stock","new","860 BDT","https://glamourstouch.com/product/bea10beb-d75c-4096-983b-f283fa9df937","https://fmcltrjnuvuooarkvufn.supabase.co/storage/v1/object/public/products/product-images/koba-bea10beb-d75c-4096-983b-f283fa9df937.jpg","JIGOTT","Health & Beauty > Personal Care > Cosmetics","https://m.me/1002146686323797?ref=bea10beb-d75c-4096-983b-f283fa9df937"
"5fd61107-9aaa-4563-b4a6-a5e2b52f0afc","Illiyoon Red Itch Care Cream 20 ml","Minimum Retail Selling Price: ৳ 650","in stock","new","690 BDT","https://glamourstouch.com/product/5fd61107-9aaa-4563-b4a6-a5e2b52f0afc","https://fmcltrjnuvuooarkvufn.supabase.co/storage/v1/object/public/products/product-images/koba-5fd61107-9aaa-4563-b4a6-a5e2b52f0afc.jpg","Illiyoon","Health & Beauty > Personal Care > Cosmetics","https://m.me/1002146686323797?ref=5fd61107-9aaa-4563-b4a6-a5e2b52f0afc"
"45ca5853-a1eb-444f-9e20-f504c15a03a7","Jigott Goat Milk Brightening Cream 70 ml","Minimum Retail Selling Price: ৳ 950","in stock","new","930 BDT","https://glamourstouch.com/product/45ca5853-a1eb-444f-9e20-f504c15a03a7","https://fmcltrjnuvuooarkvufn.supabase.co/storage/v1/object/public/products/product-images/koba-45ca5853-a1eb-444f-9e20-f504c15a03a7.jpg","Jigott","Health & Beauty > Personal Care > Cosmetics","https://m.me/1002146686323797?ref=45ca5853-a1eb-444f-9e20-f504c15a03a7"
"08a1010e-328f-4f47-80ba-4df38bec59bd","Jigott Whitening UV Sun Block SPF 50+/PA +++ 70 ml","Minimum Retail Selling Price: ৳ 650","in stock","new","600 BDT","https://glamourstouch.com/product/08a1010e-328f-4f47-80ba-4df38bec59bd","https://fmcltrjnuvuooarkvufn.supabase.co/storage/v1/object/public/products/product-images/koba-08a1010e-328f-4f47-80ba-4df38bec59bd.jpg","Jigott","Health & Beauty > Personal Care > Cosmetics","https://m.me/1002146686323797?ref=08a1010e-328f-4f47-80ba-4df38bec59bd"
"15cf58ef-e972-4538-9924-dacd340b2c33","Jigott Natural Aloe Vera Moisture Soothing Gel 300 ml","Minimum Retail Selling Price: ৳ 980","in stock","new","1100 BDT","https://glamourstouch.com/product/15cf58ef-e972-4538-9924-dacd340b2c33","https://fmcltrjnuvuooarkvufn.supabase.co/storage/v1/object/public/products/product-images/koba-15cf58ef-e972-4538-9924-dacd340b2c33.jpg","Jigott","Health & Beauty > Personal Care > Cosmetics","https://m.me/1002146686323797?ref=15cf58ef-e972-4538-9924-dacd340b2c33"
"6242e7f6-208c-40c4-9902-3edbbf22dbaa","Ryo Damage Care & Nourishing Shampoo – Floral Powdery Herbal Scent 480 ml","Minimum Retail Selling Price: ৳ 1,950","in stock","new","2290 BDT","https://glamourstouch.com/product/6242e7f6-208c-40c4-9902-3edbbf22dbaa","https://fmcltrjnuvuooarkvufn.supabase.co/storage/v1/object/public/products/product-images/koba-6242e7f6-208c-40c4-9902-3edbbf22dbaa.jpg","Ryo","Health & Beauty > Personal Care > Cosmetics","https://m.me/1002146686323797?ref=6242e7f6-208c-40c4-9902-3edbbf22dbaa"
"c31d5215-5508-451d-85a1-a10540236f7c","Ryo Hair Strengthen & Volume Shampoo – Floral Woody Powdery Scent 480 ml","Minimum Retail Selling Price: ৳ 1,950","in stock","new","2290 BDT","https://glamourstouch.com/product/c31d5215-5508-451d-85a1-a10540236f7c","https://fmcltrjnuvuooarkvufn.supabase.co/storage/v1/object/public/products/product-images/koba-c31d5215-5508-451d-85a1-a10540236f7c.jpg","Ryo","Health & Beauty > Personal Care > Cosmetics","https://m.me/1002146686323797?ref=c31d5215-5508-451d-85a1-a10540236f7c"
"9bebd881-4dc9-49d6-8cc7-2e09a6314aaf","Ryo Deep Cleansing & Cooling Shampoo – Citrus Herbal Scent 480 ml","Minimum Retail Selling Price: ৳ 1,950","in stock","new","2290 BDT","https://glamourstouch.com/product/9bebd881-4dc9-49d6-8cc7-2e09a6314aaf","https://fmcltrjnuvuooarkvufn.supabase.co/storage/v1/object/public/products/product-images/koba-9bebd881-4dc9-49d6-8cc7-2e09a6314aaf.jpg","Ryo","Health & Beauty > Personal Care > Cosmetics","https://m.me/1002146686323797?ref=9bebd881-4dc9-49d6-8cc7-2e09a6314aaf"
"16d5d38f-d8b8-41e9-907c-00565404151e","Green Finger Panthedin Top to Toe Wash 230 ml","Minimum Retail Selling Price: ৳ 1,650","in stock","new","1610 BDT","https://glamourstouch.com/product/16d5d38f-d8b8-41e9-907c-00565404151e","https://fmcltrjnuvuooarkvufn.supabase.co/storage/v1/object/public/products/product-images/koba-16d5d38f-d8b8-41e9-907c-00565404151e.jpg","Green","Health & Beauty > Personal Care > Cosmetics","https://m.me/1002146686323797?ref=16d5d38f-d8b8-41e9-907c-00565404151e"
"271262fd-b473-438e-8bb7-61530cab5dba","mise en scene Perfect Serum Original 80 ml","Minimum Retail Selling Price: ৳ 1,300","in stock","new","1510 BDT","https://glamourstouch.com/product/271262fd-b473-438e-8bb7-61530cab5dba","https://fmcltrjnuvuooarkvufn.supabase.co/storage/v1/object/public/products/product-images/koba-271262fd-b473-438e-8bb7-61530cab5dba.jpg","Mise En Scene","Health & Beauty > Personal Care > Cosmetics","https://m.me/1002146686323797?ref=271262fd-b473-438e-8bb7-61530cab5dba"
"fe7c1ce4-e48e-47e0-82db-cb2434ec0445","Dabo Waterful Aqua Cream 24hr 120 ml","Minimum Retail Selling Price: ৳ 1,200","in stock","new","1170 BDT","https://glamourstouch.com/product/fe7c1ce4-e48e-47e0-82db-cb2434ec0445","https://fmcltrjnuvuooarkvufn.supabase.co/storage/v1/object/public/products/product-images/koba-fe7c1ce4-e48e-47e0-82db-cb2434ec0445.jpg","Dabo","Health & Beauty > Personal Care > Cosmetics","https://m.me/1002146686323797?ref=fe7c1ce4-e48e-47e0-82db-cb2434ec0445"
"542b6b5c-6ee1-4e5a-b168-0b7efe613ecf","Dabo Vita Radian-c Biome Enhancing Emulsion 200ml","Minimum Retail Selling Price: ৳ 1,200","in stock","new","1400 BDT","https://glamourstouch.com/product/542b6b5c-6ee1-4e5a-b168-0b7efe613ecf","https://fmcltrjnuvuooarkvufn.supabase.co/storage/v1/object/public/products/product-images/koba-542b6b5c-6ee1-4e5a-b168-0b7efe613ecf.jpg","Dabo","Health & Beauty > Personal Care > Cosmetics","https://m.me/1002146686323797?ref=542b6b5c-6ee1-4e5a-b168-0b7efe613ecf"
"928daf51-1f8a-4002-9684-cdd16cce6253","Dabo Vita Radian-C Biome 3x Vitamin Aux Super Calming Radiance Cream 100 ml","Minimum Retail Selling Price: ৳ 1,100","in stock","new","1190 BDT","https://glamourstouch.com/product/928daf51-1f8a-4002-9684-cdd16cce6253","https://fmcltrjnuvuooarkvufn.supabase.co/storage/v1/object/public/products/product-images/koba-928daf51-1f8a-4002-9684-cdd16cce6253.jpg","Dabo","Health & Beauty > Personal Care > Cosmetics","https://m.me/1002146686323797?ref=928daf51-1f8a-4002-9684-cdd16cce6253"
"2f5fc515-bd17-4a3a-b12d-4d9848827514","DABO 7 in 1 Nutrition Amino Cream","Minimum Retail Selling Price: ৳ 1,100","in stock","new","1130 BDT","https://glamourstouch.com/product/2f5fc515-bd17-4a3a-b12d-4d9848827514","https://fmcltrjnuvuooarkvufn.supabase.co/storage/v1/object/public/products/product-images/koba-2f5fc515-bd17-4a3a-b12d-4d9848827514.jpg","Dabo","Health & Beauty > Personal Care > Cosmetics","https://m.me/1002146686323797?ref=2f5fc515-bd17-4a3a-b12d-4d9848827514"
"59c83a7c-be6d-46d0-aee2-d59a3ddf3d1b","Dabo 30 Days Peptanol B5 Hydra Volume Base Cream 100 ml","Minimum Retail Selling Price: ৳ 1,100","in stock","new","1130 BDT","https://glamourstouch.com/product/59c83a7c-be6d-46d0-aee2-d59a3ddf3d1b","https://fmcltrjnuvuooarkvufn.supabase.co/storage/v1/object/public/products/product-images/koba-59c83a7c-be6d-46d0-aee2-d59a3ddf3d1b.jpg","Dabo","Health & Beauty > Personal Care > Cosmetics","https://m.me/1002146686323797?ref=59c83a7c-be6d-46d0-aee2-d59a3ddf3d1b"
"6826bd7e-23ed-416c-8dee-0f97d7575e60","Dabo 30 Days Hyaluronic Acid 8 Soothing Cream 100 ml","Minimum Retail Selling Price: ৳ 1,150","in stock","new","1110 BDT","https://glamourstouch.com/product/6826bd7e-23ed-416c-8dee-0f97d7575e60","https://fmcltrjnuvuooarkvufn.supabase.co/storage/v1/object/public/products/product-images/koba-6826bd7e-23ed-416c-8dee-0f97d7575e60.jpg","Dabo","Health & Beauty > Personal Care > Cosmetics","https://m.me/1002146686323797?ref=6826bd7e-23ed-416c-8dee-0f97d7575e60"
"92981e53-e313-4e55-a085-bb4be6cc5654","Dabo 30 Days Greentea Avocado Nourishing Cream 100 ml","Minimum Retail Selling Price: ৳ 1,150","in stock","new","1110 BDT","https://glamourstouch.com/product/92981e53-e313-4e55-a085-bb4be6cc5654","https://fmcltrjnuvuooarkvufn.supabase.co/storage/v1/object/public/products/product-images/koba-92981e53-e313-4e55-a085-bb4be6cc5654.jpg","Dabo","Health & Beauty > Personal Care > Cosmetics","https://m.me/1002146686323797?ref=92981e53-e313-4e55-a085-bb4be6cc5654"
"ece0a408-579c-435e-b3ac-898f0169c5c3","Green Finger Strong Baby Moisturizing Intensive Cream 300g","Minimum Retail Selling Price: ৳ 2,100","in stock","new","2140 BDT","https://glamourstouch.com/product/ece0a408-579c-435e-b3ac-898f0169c5c3","https://fmcltrjnuvuooarkvufn.supabase.co/storage/v1/object/public/products/product-images/koba-ece0a408-579c-435e-b3ac-898f0169c5c3.jpg","Green","Health & Beauty > Personal Care > Cosmetics","https://m.me/1002146686323797?ref=ece0a408-579c-435e-b3ac-898f0169c5c3"
"7abd8e42-3337-4aba-bc36-06118fec9c15","Tiam  Pore Minimize 21 Serum  40ml","Minimum Retail Selling Price: ৳ 1450","in stock","new","1700 BDT","https://glamourstouch.com/product/7abd8e42-3337-4aba-bc36-06118fec9c15","https://fmcltrjnuvuooarkvufn.supabase.co/storage/v1/object/public/products/product-images/koba-7abd8e42-3337-4aba-bc36-06118fec9c15.png","Tiam","Health & Beauty > Personal Care > Cosmetics","https://m.me/1002146686323797?ref=7abd8e42-3337-4aba-bc36-06118fec9c15"
"2b1c6829-2158-458b-beb1-056cf1c12736","Dabo Cica Chilling Ampoule Pad 60 Pcs 140 ml","Minimum Retail Selling Price: ৳ 1,150","in stock","new","1210 BDT","https://glamourstouch.com/product/2b1c6829-2158-458b-beb1-056cf1c12736","https://fmcltrjnuvuooarkvufn.supabase.co/storage/v1/object/public/products/product-images/koba-2b1c6829-2158-458b-beb1-056cf1c12736.jpg","Dabo","Health & Beauty > Personal Care > Cosmetics","https://m.me/1002146686323797?ref=2b1c6829-2158-458b-beb1-056cf1c12736"
"97661c5b-6f90-4987-b692-fc81b37ffe72","Mise En Scene Perfect Serum 3 Min Hair Mask  300 ml","Minimum Retail Selling Price: ৳ 1700","in stock","new","1970 BDT","https://glamourstouch.com/product/97661c5b-6f90-4987-b692-fc81b37ffe72","https://fmcltrjnuvuooarkvufn.supabase.co/storage/v1/object/public/products/product-images/koba-97661c5b-6f90-4987-b692-fc81b37ffe72.jpg","Mise En Scene","Health & Beauty > Personal Care > Cosmetics","https://m.me/1002146686323797?ref=97661c5b-6f90-4987-b692-fc81b37ffe72"
"cc7384da-86a5-43eb-b958-a75f0feddca9","Dr.Althea Aqua Marine Watery serum 30ml","Minimum Retail Selling Price: ৳ 1350","in stock","new","1540 BDT","https://glamourstouch.com/product/cc7384da-86a5-43eb-b958-a75f0feddca9","https://fmcltrjnuvuooarkvufn.supabase.co/storage/v1/object/public/products/product-images/koba-cc7384da-86a5-43eb-b958-a75f0feddca9.jpg","Dr.Althea","Health & Beauty > Personal Care > Cosmetics","https://m.me/1002146686323797?ref=cc7384da-86a5-43eb-b958-a75f0feddca9"
"88b91bd0-62b5-491a-a4a6-405e2096f675","AESTURA Atobarrier 365 Hydro Essence 25 ml","Minimum Retail Selling Price: ৳ 480","in stock","new","460 BDT","https://glamourstouch.com/product/88b91bd0-62b5-491a-a4a6-405e2096f675","https://fmcltrjnuvuooarkvufn.supabase.co/storage/v1/object/public/products/product-images/koba-88b91bd0-62b5-491a-a4a6-405e2096f675.jpg","AESTURA","Health & Beauty > Personal Care > Cosmetics","https://m.me/1002146686323797?ref=88b91bd0-62b5-491a-a4a6-405e2096f675"
"ce73235a-9464-4cf3-bedb-d82341dd6fd1","Ryo Damage Care & Nourishing Shampoo 180 ml","Minimum Retail Selling Price: ৳ 880","in stock","new","860 BDT","https://glamourstouch.com/product/ce73235a-9464-4cf3-bedb-d82341dd6fd1","https://fmcltrjnuvuooarkvufn.supabase.co/storage/v1/object/public/products/product-images/koba-ce73235a-9464-4cf3-bedb-d82341dd6fd1.jpg","Ryo","Health & Beauty > Personal Care > Cosmetics","https://m.me/1002146686323797?ref=ce73235a-9464-4cf3-bedb-d82341dd6fd1"
"a3be7db3-ad58-426a-88b9-6bbe67392833","Cosrx Advanced Snail 92 All In One Cream (Jar) 100 g ","","in stock","new","1770 BDT","https://glamourstouch.com/product/a3be7db3-ad58-426a-88b9-6bbe67392833","https://fmcltrjnuvuooarkvufn.supabase.co/storage/v1/object/public/products/product-images/c064b609-a6c1-42a3-877b-4466fa658ff7.jpg","Cosrx ","Health & Beauty > Personal Care > Cosmetics","https://m.me/1002146686323797?ref=a3be7db3-ad58-426a-88b9-6bbe67392833"
"eb15ee02-0948-40e9-8a04-3f2520be7667","Care:nel High Intensity Anti Hair Loss Scalp Tonic 150 ml","Minimum Retail Selling Price: ৳ 1,380","in stock","new","1690 BDT","https://glamourstouch.com/product/eb15ee02-0948-40e9-8a04-3f2520be7667","https://fmcltrjnuvuooarkvufn.supabase.co/storage/v1/object/public/products/product-images/koba-eb15ee02-0948-40e9-8a04-3f2520be7667.jpg","Care:nel","Health & Beauty > Personal Care > Cosmetics","https://m.me/1002146686323797?ref=eb15ee02-0948-40e9-8a04-3f2520be7667"
"f7a6f13a-faeb-43a3-ab5f-5930045cadd3","Kerasys Lovely & Romantic Perfumed Shampoo 250 ml","Minimum Retail Selling Price: ৳ 850","in stock","new","830 BDT","https://glamourstouch.com/product/f7a6f13a-faeb-43a3-ab5f-5930045cadd3","https://fmcltrjnuvuooarkvufn.supabase.co/storage/v1/object/public/products/product-images/koba-f7a6f13a-faeb-43a3-ab5f-5930045cadd3.jpg","Kerasys","Health & Beauty > Personal Care > Cosmetics","https://m.me/1002146686323797?ref=f7a6f13a-faeb-43a3-ab5f-5930045cadd3"
"91780c71-e30d-4e93-a173-8ead7cb6b074","Celimax The Vita-A Retinal Shot Tightening Booster 15 ml ","","in stock","new","1460 BDT","https://glamourstouch.com/product/91780c71-e30d-4e93-a173-8ead7cb6b074","https://fmcltrjnuvuooarkvufn.supabase.co/storage/v1/object/public/products/product-images/c4505869-f06f-440f-8632-47990724a01c.jpg","Celimax","Health & Beauty > Personal Care > Cosmetics","https://m.me/1002146686323797?ref=91780c71-e30d-4e93-a173-8ead7cb6b074"
"13f529f4-58a4-4765-8eee-ed94e8583e79","Innisfree Green Tea Amino Hydrating Cleansing Foam 30 g","Minimum Retail Selling Price: ৳ 380","in stock","new","460 BDT","https://glamourstouch.com/product/13f529f4-58a4-4765-8eee-ed94e8583e79","https://fmcltrjnuvuooarkvufn.supabase.co/storage/v1/object/public/products/product-images/koba-13f529f4-58a4-4765-8eee-ed94e8583e79.jpg","Innisfree","Health & Beauty > Personal Care > Cosmetics","https://m.me/1002146686323797?ref=13f529f4-58a4-4765-8eee-ed94e8583e79"
"429cf2b4-0c38-49cc-96c9-8adfb7a56318","Dr.Althea 345 Relief Cream 15 ml ","","in stock","new","830 BDT","https://glamourstouch.com/product/429cf2b4-0c38-49cc-96c9-8adfb7a56318","https://fmcltrjnuvuooarkvufn.supabase.co/storage/v1/object/public/products/product-images/8e8503de-1f6e-4601-aed1-ed04aa984b1b.jpg","Dr.Althea","Health & Beauty > Personal Care > Cosmetics","https://m.me/1002146686323797?ref=429cf2b4-0c38-49cc-96c9-8adfb7a56318"
"29c7e3b1-61ef-404b-b7e3-78a901db3d99","Anua Niacinamide 10 + Txa 4 Serum 10 ml ","","in stock","new","1060 BDT","https://glamourstouch.com/product/29c7e3b1-61ef-404b-b7e3-78a901db3d99","https://fmcltrjnuvuooarkvufn.supabase.co/storage/v1/object/public/products/product-images/8e86c39a-4e8d-4250-9407-a13a820171c1.jpg","Anua","Health & Beauty > Personal Care > Cosmetics","https://m.me/1002146686323797?ref=29c7e3b1-61ef-404b-b7e3-78a901db3d99"
"956b5221-95e4-4c89-a6ad-acfdaadd050c","SKIN1004 Madagascar Centella Tone Brightening Capsule Ampoule 100 ml ","","in stock","new","2070 BDT","https://glamourstouch.com/product/956b5221-95e4-4c89-a6ad-acfdaadd050c","https://fmcltrjnuvuooarkvufn.supabase.co/storage/v1/object/public/products/product-images/1d02c5c6-4f6a-4296-8760-b04835b20de9.jpg","Essence & Ampoule","Health & Beauty > Personal Care > Cosmetics","https://m.me/1002146686323797?ref=956b5221-95e4-4c89-a6ad-acfdaadd050c"
"cdb36f52-fe2d-4160-923a-dde8f481d688","Cosrx AHA/BHA Clarifying Treatment Toner 50 ml ","","in stock","new","600 BDT","https://glamourstouch.com/product/cdb36f52-fe2d-4160-923a-dde8f481d688","https://fmcltrjnuvuooarkvufn.supabase.co/storage/v1/object/public/products/product-images/5fe034bf-3c17-46ef-ba89-1ca593e5b694.jpg","Cosrx ","Health & Beauty > Personal Care > Cosmetics","https://m.me/1002146686323797?ref=cdb36f52-fe2d-4160-923a-dde8f481d688"
"dc50c318-9ab1-4a00-8c7a-65f444685452","Innisfree Green Tea Amino Hydrating Cleansing Foam 20 g","Minimum Retail Selling Price: ৳ 350","in stock","new","410 BDT","https://glamourstouch.com/product/dc50c318-9ab1-4a00-8c7a-65f444685452","https://fmcltrjnuvuooarkvufn.supabase.co/storage/v1/object/public/products/product-images/koba-dc50c318-9ab1-4a00-8c7a-65f444685452.jpg","Innisfree","Health & Beauty > Personal Care > Cosmetics","https://m.me/1002146686323797?ref=dc50c318-9ab1-4a00-8c7a-65f444685452"
"44f5fc2c-ac76-48b0-89ac-b690b1309aad","Laneige Radian-C Advanced Effector 94% SBC+NIA+C  15 ml","Minimum Retail Selling Price: ৳ 280","in stock","new","270 BDT","https://glamourstouch.com/product/44f5fc2c-ac76-48b0-89ac-b690b1309aad","https://fmcltrjnuvuooarkvufn.supabase.co/storage/v1/object/public/products/product-images/koba-44f5fc2c-ac76-48b0-89ac-b690b1309aad.jpg","Laneige","Health & Beauty > Personal Care > Cosmetics","https://m.me/1002146686323797?ref=44f5fc2c-ac76-48b0-89ac-b690b1309aad"
"66d66568-1db7-4ff0-864e-108985c0bb5d","RYO Jeju Breeze Hair Loss Expert Care Shampoo (Woody Musk) 585 ml","Minimum Retail Selling Price: ৳ 2,500","in stock","new","2570 BDT","https://glamourstouch.com/product/66d66568-1db7-4ff0-864e-108985c0bb5d","https://fmcltrjnuvuooarkvufn.supabase.co/storage/v1/object/public/products/product-images/koba-66d66568-1db7-4ff0-864e-108985c0bb5d.jpg","RYO","Health & Beauty > Personal Care > Cosmetics","https://m.me/1002146686323797?ref=66d66568-1db7-4ff0-864e-108985c0bb5d"
"5b771efd-988a-495b-ae09-c16a1e6a72d7","RYO Seoul Sunset Hair Loss Expert Care Shampoo (Spicy Flora) 585 ml","Minimum Retail Selling Price: ৳ 2,500","in stock","new","2570 BDT","https://glamourstouch.com/product/5b771efd-988a-495b-ae09-c16a1e6a72d7","https://fmcltrjnuvuooarkvufn.supabase.co/storage/v1/object/public/products/product-images/koba-5b771efd-988a-495b-ae09-c16a1e6a72d7.jpg","RYO","Health & Beauty > Personal Care > Cosmetics","https://m.me/1002146686323797?ref=5b771efd-988a-495b-ae09-c16a1e6a72d7"
"892d89ba-22fd-49bc-beb2-43d5945aebae","RYO Seoul Sunset Hair Loss Expert Care Treatment 200 ml","Minimum Retail Selling Price: ৳ 1,450","in stock","new","1360 BDT","https://glamourstouch.com/product/892d89ba-22fd-49bc-beb2-43d5945aebae","https://fmcltrjnuvuooarkvufn.supabase.co/storage/v1/object/public/products/product-images/koba-892d89ba-22fd-49bc-beb2-43d5945aebae.jpg","RYO","Health & Beauty > Personal Care > Cosmetics","https://m.me/1002146686323797?ref=892d89ba-22fd-49bc-beb2-43d5945aebae"
"bc9ac111-a613-49e4-a05c-53b515e1fe6e"," Ryo Damage Care & Nourishing Selection Shampoo 400 ml ","","in stock","new","1550 BDT","https://glamourstouch.com/product/bc9ac111-a613-49e4-a05c-53b515e1fe6e","https://fmcltrjnuvuooarkvufn.supabase.co/storage/v1/object/public/products/product-images/d1bb7cb8-8d54-41c6-aaf1-538aa492690e.jpg"," Ryo Damage Care","Health & Beauty > Personal Care > Cosmetics","https://m.me/1002146686323797?ref=bc9ac111-a613-49e4-a05c-53b515e1fe6e"
"d5de0b4f-fe8d-4309-aa09-b27fe87135ef","SKIN1004 Madagascar Centella Tea-Trica Relief Ampoule 100 ml","SKIN1004 Madagascar Centella Tea-Trica Relief Ampoule 100 ml","in stock","new","2290 BDT","https://glamourstouch.com/product/d5de0b4f-fe8d-4309-aa09-b27fe87135ef","https://fmcltrjnuvuooarkvufn.supabase.co/storage/v1/object/public/products/product-images/koba-d5de0b4f-fe8d-4309-aa09-b27fe87135ef.jpg","SKIN1004","Health & Beauty > Personal Care > Cosmetics","https://m.me/1002146686323797?ref=d5de0b4f-fe8d-4309-aa09-b27fe87135ef"
"3907d469-9f1b-4f49-9d2d-adf6d044d431"," Laneige-Lip-Sleeping-Mask-Ex-20 Laneige Lip Sleeping Mask Ex","","in stock","new","1300 BDT","https://glamourstouch.com/product/3907d469-9f1b-4f49-9d2d-adf6d044d431","https://fmcltrjnuvuooarkvufn.supabase.co/storage/v1/object/public/products/product-images/2006861a-aec7-4f83-a69b-3158f4de013b.jpg"," Laneige-Lip","Health & Beauty > Personal Care > Cosmetics","https://m.me/1002146686323797?ref=3907d469-9f1b-4f49-9d2d-adf6d044d431"
"67b817f6-0ae4-4567-bfad-dc7e4761633c","The Face Shop Rice Water Bright Foaming Cleanser 150 ml, koria","","in stock","new","1000 BDT","https://glamourstouch.com/product/67b817f6-0ae4-4567-bfad-dc7e4761633c","https://fmcltrjnuvuooarkvufn.supabase.co/storage/v1/object/public/products/product-images/5949e151-4143-4c3c-b863-d978edfd0c09.jpg","The Face Shop","Health & Beauty > Personal Care > Cosmetics","https://m.me/1002146686323797?ref=67b817f6-0ae4-4567-bfad-dc7e4761633c"
"a13abeae-01dc-49a9-a040-115df4dc3d09","Laneige Lip Sleeping Mask Ex ","","in stock","new","350 BDT","https://glamourstouch.com/product/a13abeae-01dc-49a9-a040-115df4dc3d09","https://fmcltrjnuvuooarkvufn.supabase.co/storage/v1/object/public/products/product-images/26a908f9-50f5-48d7-beb4-7d85ed5c6401.jpg","Laneige Lip ","Health & Beauty > Personal Care > Cosmetics","https://m.me/1002146686323797?ref=a13abeae-01dc-49a9-a040-115df4dc3d09"
"85007094-84c7-404b-aa32-ef3cb241e77f"," Oriox Color Lip Balm (Strawberry) 4.8g Oriox Color Lip Balm 4.8g -Strawberry","","in stock","new","320 BDT","https://glamourstouch.com/product/85007094-84c7-404b-aa32-ef3cb241e77f","https://fmcltrjnuvuooarkvufn.supabase.co/storage/v1/object/public/products/product-images/6106be5d-bdaa-463d-8c51-e0986341fcc4.jpg"," Oriox ","Health & Beauty > Personal Care > Cosmetics","https://m.me/1002146686323797?ref=85007094-84c7-404b-aa32-ef3cb241e77f"
"6e4b2ef7-7e27-4aef-a7c9-b29d10f54e83","K-Secret Seoul 1988 Cleansing Foam : Pine Cica 1% + Probiotics 150 ml ","","in stock","new","1350 BDT","https://glamourstouch.com/product/6e4b2ef7-7e27-4aef-a7c9-b29d10f54e83","https://fmcltrjnuvuooarkvufn.supabase.co/storage/v1/object/public/products/product-images/53265856-755a-43fa-ab93-570a35f66664.jpg","Seoul","Health & Beauty > Personal Care > Cosmetics","https://m.me/1002146686323797?ref=6e4b2ef7-7e27-4aef-a7c9-b29d10f54e83"
"b6e78db7-446b-40aa-b250-45b8ebb26272","Mary & May Tranexamic Acid+Glutathione Eye Cream 12 g ","","in stock","new","520 BDT","https://glamourstouch.com/product/b6e78db7-446b-40aa-b250-45b8ebb26272","https://fmcltrjnuvuooarkvufn.supabase.co/storage/v1/object/public/products/product-images/1ce7defb-c63b-49b3-8dcb-a4d08502deb5.jpg","Mary & May","Health & Beauty > Personal Care > Cosmetics","https://m.me/1002146686323797?ref=b6e78db7-446b-40aa-b250-45b8ebb26272"
"46c2ecc6-8623-4578-9216-6e1b582b49e2","RYO Scalp & Volume Selection Shampoo 400 ml","Minimum Retail Selling Price: ৳ 1,750","in stock","new","1930 BDT","https://glamourstouch.com/product/46c2ecc6-8623-4578-9216-6e1b582b49e2","https://fmcltrjnuvuooarkvufn.supabase.co/storage/v1/object/public/products/product-images/koba-46c2ecc6-8623-4578-9216-6e1b582b49e2.jpg","RYO","Health & Beauty > Personal Care > Cosmetics","https://m.me/1002146686323797?ref=46c2ecc6-8623-4578-9216-6e1b582b49e2"
"51758a27-f8b1-479d-ad13-669ee3df5143","Samhyun Health Day Baby Powder 100 g","Samhyun Health Day Baby Powder 100 g","in stock","new","1330 BDT","https://glamourstouch.com/product/51758a27-f8b1-479d-ad13-669ee3df5143","https://fmcltrjnuvuooarkvufn.supabase.co/storage/v1/object/public/products/product-images/koba-51758a27-f8b1-479d-ad13-669ee3df5143.jpg","Samhyun","Health & Beauty > Personal Care > Cosmetics","https://m.me/1002146686323797?ref=51758a27-f8b1-479d-ad13-669ee3df5143"
"597327be-ab09-42d4-a948-dd4111c1f9b1","Beauty of Joseon Relief Sun : Rice + Probiotics SPF50+ PA++++ 30 ml","Beauty of Joseon Relief Sun : Rice + Probiotics SPF50+ PA++++ 30 ml","in stock","new","1190 BDT","https://glamourstouch.com/product/597327be-ab09-42d4-a948-dd4111c1f9b1","https://fmcltrjnuvuooarkvufn.supabase.co/storage/v1/object/public/products/product-images/koba-597327be-ab09-42d4-a948-dd4111c1f9b1.jpg","Beauty of Joseon","Health & Beauty > Personal Care > Cosmetics","https://m.me/1002146686323797?ref=597327be-ab09-42d4-a948-dd4111c1f9b1"
"8a1ae8c6-7d3e-4980-87af-0cb1771bca37","Cosrx Calming Foam Cleanser 50 ml","Cosrx Calming Foam Cleanser 50 ml","in stock","new","840 BDT","https://glamourstouch.com/product/8a1ae8c6-7d3e-4980-87af-0cb1771bca37","https://fmcltrjnuvuooarkvufn.supabase.co/storage/v1/object/public/products/product-images/koba-8a1ae8c6-7d3e-4980-87af-0cb1771bca37.png","Cosrx","Health & Beauty > Personal Care > Cosmetics","https://m.me/1002146686323797?ref=8a1ae8c6-7d3e-4980-87af-0cb1771bca37"
"c915e9f4-3c16-4ff2-b681-fa97fb9f0bf3","Missha Super Aqua Ultra Hyalron Foaming Cleanser 200 ml","Minimum Retail Selling Price: ৳ 1080","in stock","new","1210 BDT","https://glamourstouch.com/product/c915e9f4-3c16-4ff2-b681-fa97fb9f0bf3","https://fmcltrjnuvuooarkvufn.supabase.co/storage/v1/object/public/products/product-images/koba-c915e9f4-3c16-4ff2-b681-fa97fb9f0bf3.jpg","Missha","Health & Beauty > Personal Care > Cosmetics","https://m.me/1002146686323797?ref=c915e9f4-3c16-4ff2-b681-fa97fb9f0bf3"
"d24dfd50-c7ed-448d-b1d3-6e7b29c54a6b","Mise En Scene Perfect Serum Original Shampoo 680 ml","Minimum Retail Selling Price: ৳ 2500","in stock","new","2790 BDT","https://glamourstouch.com/product/d24dfd50-c7ed-448d-b1d3-6e7b29c54a6b","https://fmcltrjnuvuooarkvufn.supabase.co/storage/v1/object/public/products/product-images/koba-d24dfd50-c7ed-448d-b1d3-6e7b29c54a6b.jpg","Mise En Scene","Health & Beauty > Personal Care > Cosmetics","https://m.me/1002146686323797?ref=d24dfd50-c7ed-448d-b1d3-6e7b29c54a6b"
"7e4ae5d5-9e83-4806-802b-85eb3312009a","Tonymoly Floria Brightening Peeling Gel 150 ml","Minimum Retail Selling Price: ৳ 1650","in stock","new","1540 BDT","https://glamourstouch.com/product/7e4ae5d5-9e83-4806-802b-85eb3312009a","https://fmcltrjnuvuooarkvufn.supabase.co/storage/v1/object/public/products/product-images/koba-7e4ae5d5-9e83-4806-802b-85eb3312009a.jpg","Tonymoly","Health & Beauty > Personal Care > Cosmetics","https://m.me/1002146686323797?ref=7e4ae5d5-9e83-4806-802b-85eb3312009a"
"494cb0b9-b0ff-424c-a3db-f9abb3fbefbc","Kerasys Hair Clinic Extra Damage Care Shampoo 180 ml","Minimum Retail Selling Price: ৳ 680","in stock","new","790 BDT","https://glamourstouch.com/product/494cb0b9-b0ff-424c-a3db-f9abb3fbefbc","https://fmcltrjnuvuooarkvufn.supabase.co/storage/v1/object/public/products/product-images/koba-494cb0b9-b0ff-424c-a3db-f9abb3fbefbc.jpg","Kerasys","Health & Beauty > Personal Care > Cosmetics","https://m.me/1002146686323797?ref=494cb0b9-b0ff-424c-a3db-f9abb3fbefbc"
"59f0f498-2878-4500-8e42-e48282d3a9fd","Tonymoly Floria Brightening Hyaluron Peeling Gel 170 ml","Minimum Retail Selling Price: ৳ 1650","in stock","new","1610 BDT","https://glamourstouch.com/product/59f0f498-2878-4500-8e42-e48282d3a9fd","https://fmcltrjnuvuooarkvufn.supabase.co/storage/v1/object/public/products/product-images/koba-59f0f498-2878-4500-8e42-e48282d3a9fd.jpg","Tonymoly","Health & Beauty > Personal Care > Cosmetics","https://m.me/1002146686323797?ref=59f0f498-2878-4500-8e42-e48282d3a9fd"
"fdb85935-ed51-4780-a55c-734b4df62837","Phytotree Triple Relief Cream 50 ml","Minimum Retail Selling Price: ৳ 1,180","in stock","new","1270 BDT","https://glamourstouch.com/product/fdb85935-ed51-4780-a55c-734b4df62837","https://fmcltrjnuvuooarkvufn.supabase.co/storage/v1/object/public/products/product-images/koba-fdb85935-ed51-4780-a55c-734b4df62837.jpg","Phytotree","Health & Beauty > Personal Care > Cosmetics","https://m.me/1002146686323797?ref=fdb85935-ed51-4780-a55c-734b4df62837"
"7a114b75-6015-4190-9bab-366cd17b6eba","Forest Phyton Hydra Cica Cream 50 ml","Forest Phyton Hydra Cica Cream 50 ml","in stock","new","1040 BDT","https://glamourstouch.com/product/7a114b75-6015-4190-9bab-366cd17b6eba","https://fmcltrjnuvuooarkvufn.supabase.co/storage/v1/object/public/products/product-images/koba-7a114b75-6015-4190-9bab-366cd17b6eba.jpg","Forest","Health & Beauty > Personal Care > Cosmetics","https://m.me/1002146686323797?ref=7a114b75-6015-4190-9bab-366cd17b6eba"
"72235ed7-1652-4b25-a06b-68b08c1f35a7","3w Clinic Crystal White Milk Vitamin + Revitalizing Comfort White Essence 150 ml","Minimum Retail Selling Price: ৳ 1450","in stock","new","1830 BDT","https://glamourstouch.com/product/72235ed7-1652-4b25-a06b-68b08c1f35a7","https://fmcltrjnuvuooarkvufn.supabase.co/storage/v1/object/public/products/product-images/koba-72235ed7-1652-4b25-a06b-68b08c1f35a7.jpg","3w Clinic","Health & Beauty > Personal Care > Cosmetics","https://m.me/1002146686323797?ref=72235ed7-1652-4b25-a06b-68b08c1f35a7"
"1448ddda-005e-4131-92b9-27c1d0bd53d6","Skin Food Rice Mask Wash Off 120 g","Minimum Retail Selling Price: ৳ 1350","in stock","new","1400 BDT","https://glamourstouch.com/product/1448ddda-005e-4131-92b9-27c1d0bd53d6","https://fmcltrjnuvuooarkvufn.supabase.co/storage/v1/object/public/products/product-images/koba-1448ddda-005e-4131-92b9-27c1d0bd53d6.jpg","Skin","Health & Beauty > Personal Care > Cosmetics","https://m.me/1002146686323797?ref=1448ddda-005e-4131-92b9-27c1d0bd53d6"
"7a96f9c5-46e1-4709-915b-6f1794314923","Phytotree Radiance Foundation #N21 50 ml","Phytotree Radiance Foundation #N21 50 ml","in stock","new","1140 BDT","https://glamourstouch.com/product/7a96f9c5-46e1-4709-915b-6f1794314923","https://fmcltrjnuvuooarkvufn.supabase.co/storage/v1/object/public/products/product-images/koba-7a96f9c5-46e1-4709-915b-6f1794314923.jpg","Phytotree","Health & Beauty > Personal Care > Cosmetics","https://m.me/1002146686323797?ref=7a96f9c5-46e1-4709-915b-6f1794314923"
"d978c5f4-f81a-4a23-b42b-59783615f57c","On the body Rice Therapy Rice Bran Scrub Foam Cleanser 150 ml","Minimum Retail Selling Price: ৳ 900","in stock","new","1030 BDT","https://glamourstouch.com/product/d978c5f4-f81a-4a23-b42b-59783615f57c","https://fmcltrjnuvuooarkvufn.supabase.co/storage/v1/object/public/products/product-images/koba-d978c5f4-f81a-4a23-b42b-59783615f57c.jpg","On","Health & Beauty > Personal Care > Cosmetics","https://m.me/1002146686323797?ref=d978c5f4-f81a-4a23-b42b-59783615f57c"
"235560b3-6cf0-41fb-9057-e6119438c993","Beauty of Joseon Ginseng Essence Water 150 ml","Minimum Retail Selling Price: ৳1700","in stock","new","2110 BDT","https://glamourstouch.com/product/235560b3-6cf0-41fb-9057-e6119438c993","https://fmcltrjnuvuooarkvufn.supabase.co/storage/v1/object/public/products/product-images/koba-235560b3-6cf0-41fb-9057-e6119438c993.jpg","Beauty of Joseon","Health & Beauty > Personal Care > Cosmetics","https://m.me/1002146686323797?ref=235560b3-6cf0-41fb-9057-e6119438c993"
"c39c5114-8861-45ee-ab29-812c3c4ebc83","On the body Rice Therapy Heartleaf Acne Cleanser 150 ml","Minimum Retail Selling Price: ৳ 900","in stock","new","1030 BDT","https://glamourstouch.com/product/c39c5114-8861-45ee-ab29-812c3c4ebc83","https://fmcltrjnuvuooarkvufn.supabase.co/storage/v1/object/public/products/product-images/koba-c39c5114-8861-45ee-ab29-812c3c4ebc83.jpg","On","Health & Beauty > Personal Care > Cosmetics","https://m.me/1002146686323797?ref=c39c5114-8861-45ee-ab29-812c3c4ebc83"
"3be62d18-26de-4952-94eb-16f27e741bca","Cosrx Centella Water Alcohol-Free Toner 150 ml","Minimum Retail Selling Price: ৳ 1350","in stock","new","1580 BDT","https://glamourstouch.com/product/3be62d18-26de-4952-94eb-16f27e741bca","https://fmcltrjnuvuooarkvufn.supabase.co/storage/v1/object/public/products/product-images/koba-3be62d18-26de-4952-94eb-16f27e741bca.jpg","Cosrx","Health & Beauty > Personal Care > Cosmetics","https://m.me/1002146686323797?ref=3be62d18-26de-4952-94eb-16f27e741bca"
"b21dd5f7-20ab-4823-98e0-71f9eed52f98","Kerasys Advanced Keratin Bond Deep Repair Shampoo 600 ml","Minimum Retail Selling Price: ৳ 1880","in stock","new","2000 BDT","https://glamourstouch.com/product/b21dd5f7-20ab-4823-98e0-71f9eed52f98","https://fmcltrjnuvuooarkvufn.supabase.co/storage/v1/object/public/products/product-images/koba-b21dd5f7-20ab-4823-98e0-71f9eed52f98.jpg","Kerasys","Health & Beauty > Personal Care > Cosmetics","https://m.me/1002146686323797?ref=b21dd5f7-20ab-4823-98e0-71f9eed52f98"
"68357357-b15b-43a1-84bc-c5af386bbbd8","Dabo Aloe Cica Mild Peeling To Foam 120 ml","Dabo Aloe Cica Mild Peeling To Foam 120 ml","in stock","new","930 BDT","https://glamourstouch.com/product/68357357-b15b-43a1-84bc-c5af386bbbd8","https://fmcltrjnuvuooarkvufn.supabase.co/storage/v1/object/public/products/product-images/koba-68357357-b15b-43a1-84bc-c5af386bbbd8.jpg","Dabo","Health & Beauty > Personal Care > Cosmetics","https://m.me/1002146686323797?ref=68357357-b15b-43a1-84bc-c5af386bbbd8"
"e1accc24-64a2-4ab9-ba59-d13367608d9b","Kerasys Damage Clinic Original Shampoo 180 ml","Minimum Retail Selling Price: ৳ 650","in stock","new","830 BDT","https://glamourstouch.com/product/e1accc24-64a2-4ab9-ba59-d13367608d9b","https://fmcltrjnuvuooarkvufn.supabase.co/storage/v1/object/public/products/product-images/koba-e1accc24-64a2-4ab9-ba59-d13367608d9b.jpg","Kerasys","Health & Beauty > Personal Care > Cosmetics","https://m.me/1002146686323797?ref=e1accc24-64a2-4ab9-ba59-d13367608d9b"
"f3f1da66-16ae-4205-986a-53726f7c0015","Some By Mi AHA. BHA. PHA 30 Days Miracle Toner 150 ml","Some By Mi AHA. BHA. PHA 30 Days Miracle Toner 150 ml","in stock","new","2000 BDT","https://glamourstouch.com/product/f3f1da66-16ae-4205-986a-53726f7c0015","https://fmcltrjnuvuooarkvufn.supabase.co/storage/v1/object/public/products/product-images/koba-f3f1da66-16ae-4205-986a-53726f7c0015.jpg","Some By Mi","Health & Beauty > Personal Care > Cosmetics","https://m.me/1002146686323797?ref=f3f1da66-16ae-4205-986a-53726f7c0015"
"7fa4b016-1e8a-4b7a-9fc3-7da77e154b39","Cosrx The Alpha-Arbutin 2 Discoloration Care Serum 50 ml","Cosrx The Alpha-Arbutin 2 Discoloration Care Serum 50 ml","in stock","new","2400 BDT","https://glamourstouch.com/product/7fa4b016-1e8a-4b7a-9fc3-7da77e154b39","https://fmcltrjnuvuooarkvufn.supabase.co/storage/v1/object/public/products/product-images/koba-7fa4b016-1e8a-4b7a-9fc3-7da77e154b39.jpg","Cosrx","Health & Beauty > Personal Care > Cosmetics","https://m.me/1002146686323797?ref=7fa4b016-1e8a-4b7a-9fc3-7da77e154b39"
"8e7380cb-bc18-44b9-b39b-1d71fc065514","Cosrx Low Ph Niacinamide Micellar Cleansing Water  100 ml","Cosrx Low Ph Niacinamide Micellar Cleansing Water 100 ml","in stock","new","970 BDT","https://glamourstouch.com/product/8e7380cb-bc18-44b9-b39b-1d71fc065514","https://fmcltrjnuvuooarkvufn.supabase.co/storage/v1/object/public/products/product-images/koba-8e7380cb-bc18-44b9-b39b-1d71fc065514.jpg","Cosrx","Health & Beauty > Personal Care > Cosmetics","https://m.me/1002146686323797?ref=8e7380cb-bc18-44b9-b39b-1d71fc065514"
"2f860ce7-cd5b-4a22-911c-5b70019d246d","Missha Magic Cushion Cover Lasting  15 g","Missha Magic Cushion Cover Lasting 15 g","in stock","new","1330 BDT","https://glamourstouch.com/product/2f860ce7-cd5b-4a22-911c-5b70019d246d","https://fmcltrjnuvuooarkvufn.supabase.co/storage/v1/object/public/products/product-images/koba-2f860ce7-cd5b-4a22-911c-5b70019d246d.jpg","Missha","Health & Beauty > Personal Care > Cosmetics","https://m.me/1002146686323797?ref=2f860ce7-cd5b-4a22-911c-5b70019d246d"
"717213e3-0c5d-47fc-9ad7-f8ecf5435d5b","MISSHA M Perfect Cover BB Cream SPF42 PA+++ 50ml","MISSHA M Perfect Cover BB Cream SPF42 PA+++ 50ml","in stock","new","1330 BDT","https://glamourstouch.com/product/717213e3-0c5d-47fc-9ad7-f8ecf5435d5b","https://fmcltrjnuvuooarkvufn.supabase.co/storage/v1/object/public/products/product-images/koba-717213e3-0c5d-47fc-9ad7-f8ecf5435d5b.jpg","Missha","Health & Beauty > Personal Care > Cosmetics","https://m.me/1002146686323797?ref=717213e3-0c5d-47fc-9ad7-f8ecf5435d5b"
"71e0222a-0cc6-4b8d-8120-54b232bade04","Raip Moisture Repair Body Lotion ( Lovely ) 500 ml","Minimum Retail Selling Price: ৳ 1580","in stock","new","1860 BDT","https://glamourstouch.com/product/71e0222a-0cc6-4b8d-8120-54b232bade04","https://fmcltrjnuvuooarkvufn.supabase.co/storage/v1/object/public/products/product-images/koba-71e0222a-0cc6-4b8d-8120-54b232bade04.jpg","Raip","Health & Beauty > Personal Care > Cosmetics","https://m.me/1002146686323797?ref=71e0222a-0cc6-4b8d-8120-54b232bade04"
"56a63c3c-eb9a-4047-a1c6-b3f81f505082","Raip Moisture Repair Body Lotion ( Original ) 500 ml","Minimum Retail Selling Price: ৳ 1580","in stock","new","1860 BDT","https://glamourstouch.com/product/56a63c3c-eb9a-4047-a1c6-b3f81f505082","https://fmcltrjnuvuooarkvufn.supabase.co/storage/v1/object/public/products/product-images/koba-56a63c3c-eb9a-4047-a1c6-b3f81f505082.jpg","Raip","Health & Beauty > Personal Care > Cosmetics","https://m.me/1002146686323797?ref=56a63c3c-eb9a-4047-a1c6-b3f81f505082"
"b950c746-f7a2-41cc-9d7e-5fa9be4ed855","SKIN1004 Madagascar Centella Hyalu-Cica Blue Serum 30 ml","SKIN1004 Madagascar Centella Hyalu-Cica Blue Serum 30 ml","in stock","new","1130 BDT","https://glamourstouch.com/product/b950c746-f7a2-41cc-9d7e-5fa9be4ed855","https://fmcltrjnuvuooarkvufn.supabase.co/storage/v1/object/public/products/product-images/koba-b950c746-f7a2-41cc-9d7e-5fa9be4ed855.jpg","SKIN1004","Health & Beauty > Personal Care > Cosmetics","https://m.me/1002146686323797?ref=b950c746-f7a2-41cc-9d7e-5fa9be4ed855"
"4d2ca07b-7f1a-4544-b79e-dd885a72a44a","Beauty of Joseon Ground Rice And Honey Glow Mask 150 ml","Minimum Retail Selling Price: ৳ 2350","in stock","new","2290 BDT","https://glamourstouch.com/product/4d2ca07b-7f1a-4544-b79e-dd885a72a44a","https://fmcltrjnuvuooarkvufn.supabase.co/storage/v1/object/public/products/product-images/koba-4d2ca07b-7f1a-4544-b79e-dd885a72a44a.jpg","Beauty of Joseon","Health & Beauty > Personal Care > Cosmetics","https://m.me/1002146686323797?ref=4d2ca07b-7f1a-4544-b79e-dd885a72a44a"
"5c3c0a80-ba41-44ae-9856-1af5a24de21d","Medicube Collagen Jelly Cream 110 ml","Minimum Retail Selling Price: ৳ 2550","in stock","new","2190 BDT","https://glamourstouch.com/product/5c3c0a80-ba41-44ae-9856-1af5a24de21d","https://fmcltrjnuvuooarkvufn.supabase.co/storage/v1/object/public/products/product-images/koba-5c3c0a80-ba41-44ae-9856-1af5a24de21d.jpg","Medicube","Health & Beauty > Personal Care > Cosmetics","https://m.me/1002146686323797?ref=5c3c0a80-ba41-44ae-9856-1af5a24de21d"
"cbe28dbc-1d08-4c7c-aee0-d711f68b7c59","Beauty of Joseon Red Bean Water Gel 100 ml","Minimum Retail Selling Price: ৳ 1550","in stock","new","1710 BDT","https://glamourstouch.com/product/cbe28dbc-1d08-4c7c-aee0-d711f68b7c59","https://fmcltrjnuvuooarkvufn.supabase.co/storage/v1/object/public/products/product-images/koba-cbe28dbc-1d08-4c7c-aee0-d711f68b7c59.jpg","Beauty of Joseon","Health & Beauty > Personal Care > Cosmetics","https://m.me/1002146686323797?ref=cbe28dbc-1d08-4c7c-aee0-d711f68b7c59"
"be2ce16b-ca5c-4fe2-8be8-22224191e1ba","Tiam  Pore Minimize 21 Cream  60ml","Minimum Retail Selling Price: ৳ 1350","in stock","new","1570 BDT","https://glamourstouch.com/product/be2ce16b-ca5c-4fe2-8be8-22224191e1ba","https://fmcltrjnuvuooarkvufn.supabase.co/storage/v1/object/public/products/product-images/koba-be2ce16b-ca5c-4fe2-8be8-22224191e1ba.png","Tiam","Health & Beauty > Personal Care > Cosmetics","https://m.me/1002146686323797?ref=be2ce16b-ca5c-4fe2-8be8-22224191e1ba"
"d4cd50ea-bb62-454f-a312-0db8bd3f40f9","Dabo Green Tea Vital-Rich Healthy Foam Cleanser 100 ml","Minimum Retail Selling Price: ৳ 550","in stock","new","600 BDT","https://glamourstouch.com/product/d4cd50ea-bb62-454f-a312-0db8bd3f40f9","https://fmcltrjnuvuooarkvufn.supabase.co/storage/v1/object/public/products/product-images/koba-d4cd50ea-bb62-454f-a312-0db8bd3f40f9.jpg","Dabo","Health & Beauty > Personal Care > Cosmetics","https://m.me/1002146686323797?ref=d4cd50ea-bb62-454f-a312-0db8bd3f40f9"
"575a3974-68e9-4387-88cb-d3ae28c8ee33","Purito Mighty Bamboo Panthenol Serum 30 ml","Minimum Retail Selling Price: ৳ 1700","in stock","new","1970 BDT","https://glamourstouch.com/product/575a3974-68e9-4387-88cb-d3ae28c8ee33","https://fmcltrjnuvuooarkvufn.supabase.co/storage/v1/object/public/products/product-images/koba-575a3974-68e9-4387-88cb-d3ae28c8ee33.jpg","Purito","Health & Beauty > Personal Care > Cosmetics","https://m.me/1002146686323797?ref=575a3974-68e9-4387-88cb-d3ae28c8ee33"
"1d6d2363-36db-4eea-9cd1-59c12f70a439","SkinFood Black Sugar Mask Wash Off 120 g","Minimum Retail Selling Price: ৳ 1350","in stock","new","1400 BDT","https://glamourstouch.com/product/1d6d2363-36db-4eea-9cd1-59c12f70a439","https://fmcltrjnuvuooarkvufn.supabase.co/storage/v1/object/public/products/product-images/koba-1d6d2363-36db-4eea-9cd1-59c12f70a439.jpg","SkinFood","Health & Beauty > Personal Care > Cosmetics","https://m.me/1002146686323797?ref=1d6d2363-36db-4eea-9cd1-59c12f70a439"
"3a871b3d-e769-4baf-bb55-d44d519e2f26","Purito Azelaic Acid 10 Kojic Tea Tree Serum 30 ml","Minimum Retail Selling Price: ৳ 1700","in stock","new","1970 BDT","https://glamourstouch.com/product/3a871b3d-e769-4baf-bb55-d44d519e2f26","https://fmcltrjnuvuooarkvufn.supabase.co/storage/v1/object/public/products/product-images/koba-3a871b3d-e769-4baf-bb55-d44d519e2f26.jpg","Purito","Health & Beauty > Personal Care > Cosmetics","https://m.me/1002146686323797?ref=3a871b3d-e769-4baf-bb55-d44d519e2f26"
"0887f5cb-9699-4ed4-9c92-34a45d863f75","Dabo Bha Peeling Ampoule Pad 70 pcs 140 ml","Minimum Retail Selling Price: ৳ 980","in stock","new","1260 BDT","https://glamourstouch.com/product/0887f5cb-9699-4ed4-9c92-34a45d863f75","https://fmcltrjnuvuooarkvufn.supabase.co/storage/v1/object/public/products/product-images/koba-0887f5cb-9699-4ed4-9c92-34a45d863f75.jpg","Dabo","Health & Beauty > Personal Care > Cosmetics","https://m.me/1002146686323797?ref=0887f5cb-9699-4ed4-9c92-34a45d863f75"
"3ebd6b28-1090-4860-b6ba-50693109005e","Dabo Vita C Yuja Ampoule Pad  120 ml","Minimum Retail Selling Price: ৳ 1,150","in stock","new","1260 BDT","https://glamourstouch.com/product/3ebd6b28-1090-4860-b6ba-50693109005e","https://fmcltrjnuvuooarkvufn.supabase.co/storage/v1/object/public/products/product-images/koba-3ebd6b28-1090-4860-b6ba-50693109005e.jpg","Dabo","Health & Beauty > Personal Care > Cosmetics","https://m.me/1002146686323797?ref=3ebd6b28-1090-4860-b6ba-50693109005e"
"b75de046-05a6-4d2d-978d-e9465f98e277","Nature Skin Advanced Snail Mucin 4 in 1 Repairing cream 102 ml","Minimum Retail Selling Price: ৳ 1,080","in stock","new","1070 BDT","https://glamourstouch.com/product/b75de046-05a6-4d2d-978d-e9465f98e277","https://fmcltrjnuvuooarkvufn.supabase.co/storage/v1/object/public/products/product-images/koba-b75de046-05a6-4d2d-978d-e9465f98e277.jpg","Nature Skin","Health & Beauty > Personal Care > Cosmetics","https://m.me/1002146686323797?ref=b75de046-05a6-4d2d-978d-e9465f98e277"
"1b911221-4e0f-4ff1-8f5a-3ea5fd1583bc","Dabo Pink Collagen PDRN Brightening UV Sunscreen SPF 50+ 50 ML","Minimum Retail Selling Price: ৳ 730","in stock","new","710 BDT","https://glamourstouch.com/product/1b911221-4e0f-4ff1-8f5a-3ea5fd1583bc","https://fmcltrjnuvuooarkvufn.supabase.co/storage/v1/object/public/products/product-images/koba-1b911221-4e0f-4ff1-8f5a-3ea5fd1583bc.jpg","Dabo","Health & Beauty > Personal Care > Cosmetics","https://m.me/1002146686323797?ref=1b911221-4e0f-4ff1-8f5a-3ea5fd1583bc"
"3f7cadf3-6a2c-4ab1-9d5a-5c2e0bbfc08a","Dabo Natural Rich Foam Cleanser  Collagen 60 ml","Minimum Retail Selling Price: ৳ 450","in stock","new","400 BDT","https://glamourstouch.com/product/3f7cadf3-6a2c-4ab1-9d5a-5c2e0bbfc08a","https://fmcltrjnuvuooarkvufn.supabase.co/storage/v1/object/public/products/product-images/koba-3f7cadf3-6a2c-4ab1-9d5a-5c2e0bbfc08a.jpg","Dabo","Health & Beauty > Personal Care > Cosmetics","https://m.me/1002146686323797?ref=3f7cadf3-6a2c-4ab1-9d5a-5c2e0bbfc08a"
"010bb940-0cbf-4dd8-a9cc-10ff06dfb340","RYO Hair Loss Care Treatment 300 ml","Minimum Retail Selling Price: ৳ 1550","in stock","new","1830 BDT","https://glamourstouch.com/product/010bb940-0cbf-4dd8-a9cc-10ff06dfb340","https://fmcltrjnuvuooarkvufn.supabase.co/storage/v1/object/public/products/product-images/koba-010bb940-0cbf-4dd8-a9cc-10ff06dfb340.jpg","RYO","Health & Beauty > Personal Care > Cosmetics","https://m.me/1002146686323797?ref=010bb940-0cbf-4dd8-a9cc-10ff06dfb340"
"aa0d81e4-b563-4da7-804c-10ed0bdfb540","Care:nel Ceramide Vita B5 Double Barrier Cream 50 ml","Minimum Retail Selling Price: ৳ 1500","in stock","new","1830 BDT","https://glamourstouch.com/product/aa0d81e4-b563-4da7-804c-10ed0bdfb540","https://fmcltrjnuvuooarkvufn.supabase.co/storage/v1/object/public/products/product-images/koba-aa0d81e4-b563-4da7-804c-10ed0bdfb540.jpg","Care:nel","Health & Beauty > Personal Care > Cosmetics","https://m.me/1002146686323797?ref=aa0d81e4-b563-4da7-804c-10ed0bdfb540"
"2e87c032-9138-4e6c-8ea7-7843c51c5d6d","Beauty Of Joseon Ginseng + Retinal Revive Eye Serum 30ml","Minimum Retail Selling Price: ৳ 1550","in stock","new","1600 BDT","https://glamourstouch.com/product/2e87c032-9138-4e6c-8ea7-7843c51c5d6d","https://fmcltrjnuvuooarkvufn.supabase.co/storage/v1/object/public/products/product-images/koba-2e87c032-9138-4e6c-8ea7-7843c51c5d6d.jpg","Beauty of Joseon","Health & Beauty > Personal Care > Cosmetics","https://m.me/1002146686323797?ref=2e87c032-9138-4e6c-8ea7-7843c51c5d6d"
"bca324db-a690-4970-8b0b-8813ea933287","Holika Holika Damage Care Treatment 200ml","Minimum Retail Selling Price: ৳ 1400","in stock","new","1540 BDT","https://glamourstouch.com/product/bca324db-a690-4970-8b0b-8813ea933287","https://fmcltrjnuvuooarkvufn.supabase.co/storage/v1/object/public/products/product-images/koba-bca324db-a690-4970-8b0b-8813ea933287.jpg","Holika Holika","Health & Beauty > Personal Care > Cosmetics","https://m.me/1002146686323797?ref=bca324db-a690-4970-8b0b-8813ea933287"
"99ccefce-d311-4588-bd17-44765874f571","Raip Advanced 2x Nutrition Hair Pack 200 ml","Minimum Retail Selling Price: ৳ 1300","in stock","new","1310 BDT","https://glamourstouch.com/product/99ccefce-d311-4588-bd17-44765874f571","https://fmcltrjnuvuooarkvufn.supabase.co/storage/v1/object/public/products/product-images/koba-99ccefce-d311-4588-bd17-44765874f571.jpg","Raip","Health & Beauty > Personal Care > Cosmetics","https://m.me/1002146686323797?ref=99ccefce-d311-4588-bd17-44765874f571"
"e8cdebfe-412d-48a6-8294-03af552f185c","Ryo Hair Loss Expert Care Shampoo Oily Scalp 400 ml","Minimum Retail Selling Price: ৳ 2,000","in stock","new","2290 BDT","https://glamourstouch.com/product/e8cdebfe-412d-48a6-8294-03af552f185c","https://fmcltrjnuvuooarkvufn.supabase.co/storage/v1/object/public/products/product-images/koba-e8cdebfe-412d-48a6-8294-03af552f185c.jpg","Ryo","Health & Beauty > Personal Care > Cosmetics","https://m.me/1002146686323797?ref=e8cdebfe-412d-48a6-8294-03af552f185c"
"84f576fe-670f-4e24-a400-d1666f1b47ee","Nella  White Snow Fermented Tone Up Body Lotion  250 ml","Minimum Retail Selling Price: ৳ 1,700","in stock","new","1860 BDT","https://glamourstouch.com/product/84f576fe-670f-4e24-a400-d1666f1b47ee","https://fmcltrjnuvuooarkvufn.supabase.co/storage/v1/object/public/products/product-images/koba-84f576fe-670f-4e24-a400-d1666f1b47ee.jpg","Nella","Health & Beauty > Personal Care > Cosmetics","https://m.me/1002146686323797?ref=84f576fe-670f-4e24-a400-d1666f1b47ee"
"fb2ddcca-5df1-43ed-8c16-efc29c1a6709","Banila Co Clean it Zero Special Kit","Minimum Retail Selling Price: ৳ 1,100","in stock","new","1040 BDT","https://glamourstouch.com/product/fb2ddcca-5df1-43ed-8c16-efc29c1a6709","https://fmcltrjnuvuooarkvufn.supabase.co/storage/v1/object/public/products/product-images/koba-fb2ddcca-5df1-43ed-8c16-efc29c1a6709.jpg","Banila","Health & Beauty > Personal Care > Cosmetics","https://m.me/1002146686323797?ref=fb2ddcca-5df1-43ed-8c16-efc29c1a6709"
"058bcb62-0699-4e3d-b1fe-f1103a0cedcf","Derma House Stretch Care Cream  180 ml","Minimum Retail Selling Price: 1080","in stock","new","1140 BDT","https://glamourstouch.com/product/058bcb62-0699-4e3d-b1fe-f1103a0cedcf","https://fmcltrjnuvuooarkvufn.supabase.co/storage/v1/object/public/products/product-images/koba-058bcb62-0699-4e3d-b1fe-f1103a0cedcf.jpg","Derma","Health & Beauty > Personal Care > Cosmetics","https://m.me/1002146686323797?ref=058bcb62-0699-4e3d-b1fe-f1103a0cedcf"
"e1b1e1ec-0439-4697-8a74-cc9d4f958a09","Plu365 Foot Scrub Herb Mint 100 g","Minimum Retail Selling Price: ৳ 950","in stock","new","1070 BDT","https://glamourstouch.com/product/e1b1e1ec-0439-4697-8a74-cc9d4f958a09","https://fmcltrjnuvuooarkvufn.supabase.co/storage/v1/object/public/products/product-images/koba-e1b1e1ec-0439-4697-8a74-cc9d4f958a09.jpg","Plu365","Health & Beauty > Personal Care > Cosmetics","https://m.me/1002146686323797?ref=e1b1e1ec-0439-4697-8a74-cc9d4f958a09"
"7fce101a-c2c2-45d0-ba11-ff67b26aad2b","Dabo Aloe Vera Calming Sun Cream SPF 50+ PA++++ 70 ml","Dabo Aloe Vera Calming Sun Cream SPF 50+ PA++++ 70 ml","in stock","new","640 BDT","https://glamourstouch.com/product/7fce101a-c2c2-45d0-ba11-ff67b26aad2b","https://fmcltrjnuvuooarkvufn.supabase.co/storage/v1/object/public/products/product-images/koba-7fce101a-c2c2-45d0-ba11-ff67b26aad2b.jpg","Dabo","Health & Beauty > Personal Care > Cosmetics","https://m.me/1002146686323797?ref=7fce101a-c2c2-45d0-ba11-ff67b26aad2b"
"4bfb1412-5940-4fbc-9019-3304b4d151ca","Cosrx The 6 Peptide Skin Booster Serum  30 ml","Minimum Retail Selling Price: ৳ 900","in stock","new","810 BDT","https://glamourstouch.com/product/4bfb1412-5940-4fbc-9019-3304b4d151ca","https://fmcltrjnuvuooarkvufn.supabase.co/storage/v1/object/public/products/product-images/koba-4bfb1412-5940-4fbc-9019-3304b4d151ca.jpg","Cosrx","Health & Beauty > Personal Care > Cosmetics","https://m.me/1002146686323797?ref=4bfb1412-5940-4fbc-9019-3304b4d151ca"
"9667f872-f0e7-4f2c-a006-720781bf5028","SKIN1004 Madagascar Centella Poremizing Fresh Ampoule  100 ml","Minimum Retail Selling Price: ৳ 2050","in stock","new","2260 BDT","https://glamourstouch.com/product/9667f872-f0e7-4f2c-a006-720781bf5028","https://fmcltrjnuvuooarkvufn.supabase.co/storage/v1/object/public/products/product-images/koba-9667f872-f0e7-4f2c-a006-720781bf5028.jpg","SKIN1004","Health & Beauty > Personal Care > Cosmetics","https://m.me/1002146686323797?ref=9667f872-f0e7-4f2c-a006-720781bf5028"
"bd29bad6-0aac-49e5-b1d0-ed0d13c5059a","On the body Rice Therapy Artemisia pH Balance Cleanser 150 ml","Minimum Retail Selling Price: ৳ 900","in stock","new","1030 BDT","https://glamourstouch.com/product/bd29bad6-0aac-49e5-b1d0-ed0d13c5059a","https://fmcltrjnuvuooarkvufn.supabase.co/storage/v1/object/public/products/product-images/koba-bd29bad6-0aac-49e5-b1d0-ed0d13c5059a.jpg","On","Health & Beauty > Personal Care > Cosmetics","https://m.me/1002146686323797?ref=bd29bad6-0aac-49e5-b1d0-ed0d13c5059a"
"7f907e47-9379-4979-a39f-96b17135e680","Green Finger Outdoor Sun Cream Power Block SPF 50+ PA+++ 80 ml","Minimum Retail Selling Price: ৳ 950","in stock","new","990 BDT","https://glamourstouch.com/product/7f907e47-9379-4979-a39f-96b17135e680","https://fmcltrjnuvuooarkvufn.supabase.co/storage/v1/object/public/products/product-images/koba-7f907e47-9379-4979-a39f-96b17135e680.jpg","Green","Health & Beauty > Personal Care > Cosmetics","https://m.me/1002146686323797?ref=7f907e47-9379-4979-a39f-96b17135e680"
"e4fc11f4-fd96-42cc-b6e4-210ec0927465","Dabo Aloe Pdrn Frozen Soothing Cream 100 ml","Minimum Retail Selling Price: ৳ 1250","in stock","new","1140 BDT","https://glamourstouch.com/product/e4fc11f4-fd96-42cc-b6e4-210ec0927465","https://fmcltrjnuvuooarkvufn.supabase.co/storage/v1/object/public/products/product-images/koba-e4fc11f4-fd96-42cc-b6e4-210ec0927465.jpg","Dabo","Health & Beauty > Personal Care > Cosmetics","https://m.me/1002146686323797?ref=e4fc11f4-fd96-42cc-b6e4-210ec0927465"
"c03115e1-a10f-4c29-b691-cbaeba4efe35","Banila Co Clean it Zero Cleansing Balm Nourishing 7 ml","Minimum Retail Selling Price: ৳ 280","in stock","new","270 BDT","https://glamourstouch.com/product/c03115e1-a10f-4c29-b691-cbaeba4efe35","https://fmcltrjnuvuooarkvufn.supabase.co/storage/v1/object/public/products/product-images/koba-c03115e1-a10f-4c29-b691-cbaeba4efe35.jpg","Banila","Health & Beauty > Personal Care > Cosmetics","https://m.me/1002146686323797?ref=c03115e1-a10f-4c29-b691-cbaeba4efe35"
"6a5af927-fc97-4275-b615-c2286d9a9522","I'm from Mugwort Essence  30 ml","Minimum Retail Selling Price: ৳ 900","in stock","new","970 BDT","https://glamourstouch.com/product/6a5af927-fc97-4275-b615-c2286d9a9522","https://fmcltrjnuvuooarkvufn.supabase.co/storage/v1/object/public/products/product-images/koba-6a5af927-fc97-4275-b615-c2286d9a9522.jpg","I'm","Health & Beauty > Personal Care > Cosmetics","https://m.me/1002146686323797?ref=6a5af927-fc97-4275-b615-c2286d9a9522"
"f9d1428e-da88-4a90-b4e3-7b3f65c187e2","Raip White Willow Calming Acne Body Wash 500 ml","Minimum Retail Selling Price: ৳ 1550","in stock","new","1930 BDT","https://glamourstouch.com/product/f9d1428e-da88-4a90-b4e3-7b3f65c187e2","https://fmcltrjnuvuooarkvufn.supabase.co/storage/v1/object/public/products/product-images/koba-f9d1428e-da88-4a90-b4e3-7b3f65c187e2.jpg","Raip","Health & Beauty > Personal Care > Cosmetics","https://m.me/1002146686323797?ref=f9d1428e-da88-4a90-b4e3-7b3f65c187e2"
"f6a76164-8bbf-46f8-a2ed-d97d7b1b0685","Mamonde Rose Water Toner  150 ml","Minimum Retail Selling Price: ৳ 1150","in stock","new","1330 BDT","https://glamourstouch.com/product/f6a76164-8bbf-46f8-a2ed-d97d7b1b0685","https://fmcltrjnuvuooarkvufn.supabase.co/storage/v1/object/public/products/product-images/koba-f6a76164-8bbf-46f8-a2ed-d97d7b1b0685.jpg","Mamonde","Health & Beauty > Personal Care > Cosmetics","https://m.me/1002146686323797?ref=f6a76164-8bbf-46f8-a2ed-d97d7b1b0685"
"2a0cb9da-4b17-427d-a101-4617a2a5194b","I’m from Rice Serum 30 ml","Minimum Retail Selling Price: ৳ 1950","in stock","new","1930 BDT","https://glamourstouch.com/product/2a0cb9da-4b17-427d-a101-4617a2a5194b","https://fmcltrjnuvuooarkvufn.supabase.co/storage/v1/object/public/products/product-images/koba-2a0cb9da-4b17-427d-a101-4617a2a5194b.jpg","I’m","Health & Beauty > Personal Care > Cosmetics","https://m.me/1002146686323797?ref=2a0cb9da-4b17-427d-a101-4617a2a5194b"
"48ac792b-d20a-4bee-8222-a94218672863","Im from Rice Sunscreen  50 ml","Minimum Retail Selling Price: ৳ 1580","in stock","new","1600 BDT","https://glamourstouch.com/product/48ac792b-d20a-4bee-8222-a94218672863","https://fmcltrjnuvuooarkvufn.supabase.co/storage/v1/object/public/products/product-images/koba-48ac792b-d20a-4bee-8222-a94218672863.jpg","Im","Health & Beauty > Personal Care > Cosmetics","https://m.me/1002146686323797?ref=48ac792b-d20a-4bee-8222-a94218672863"
"6ac19a5a-9980-4cd4-8f45-ac50d90c00f5","SKIN1004 Madagascar Centella Probio-Cica Intensive Ampoule 30 ml","SKIN1004 Madagascar Centella Probio-Cica Intensive Ampoule 30 ml","in stock","new","1030 BDT","https://glamourstouch.com/product/6ac19a5a-9980-4cd4-8f45-ac50d90c00f5","https://fmcltrjnuvuooarkvufn.supabase.co/storage/v1/object/public/products/product-images/koba-6ac19a5a-9980-4cd4-8f45-ac50d90c00f5.jpg","SKIN1004","Health & Beauty > Personal Care > Cosmetics","https://m.me/1002146686323797?ref=6ac19a5a-9980-4cd4-8f45-ac50d90c00f5"
"0be2bf65-6d89-4bc3-b30f-00cdb8d7c8d1","Cosrx Low pH Good Morning Gel Cleanser 50 ml ","","in stock","new","500 BDT","https://glamourstouch.com/product/0be2bf65-6d89-4bc3-b30f-00cdb8d7c8d1","https://fmcltrjnuvuooarkvufn.supabase.co/storage/v1/object/public/products/product-images/e64b9d99-577d-4903-ac4f-2e26c78f787d.jpg","Cosrx ","Health & Beauty > Personal Care > Cosmetics","https://m.me/1002146686323797?ref=0be2bf65-6d89-4bc3-b30f-00cdb8d7c8d1"
"87956a0e-1a7e-4c8c-a5ad-b39027125637","Raip R3 Argan Hair Oil  Cherry Blossom 100 ml","Minimum Retail Selling Price: ৳ 950","in stock","new","890 BDT","https://glamourstouch.com/product/87956a0e-1a7e-4c8c-a5ad-b39027125637","https://fmcltrjnuvuooarkvufn.supabase.co/storage/v1/object/public/products/product-images/koba-87956a0e-1a7e-4c8c-a5ad-b39027125637.jpg","Raip","Health & Beauty > Personal Care > Cosmetics","https://m.me/1002146686323797?ref=87956a0e-1a7e-4c8c-a5ad-b39027125637"
"efd46d3b-feab-4425-80f7-3a7920989945","On the body Cashmere Perfume  Shining Dream Body Lotion 400 ml","Minimum Retail Selling Price: ৳ 1,650","in stock","new","1740 BDT","https://glamourstouch.com/product/efd46d3b-feab-4425-80f7-3a7920989945","https://fmcltrjnuvuooarkvufn.supabase.co/storage/v1/object/public/products/product-images/koba-efd46d3b-feab-4425-80f7-3a7920989945.jpg","On","Health & Beauty > Personal Care > Cosmetics","https://m.me/1002146686323797?ref=efd46d3b-feab-4425-80f7-3a7920989945"
"179f65b0-2e5d-4a17-972c-56634be9c006","Innisfree Bija Trouble Cleansing Foam  150g","Minimum Retail Selling Price: ৳ 1,250","in stock","new","1390 BDT","https://glamourstouch.com/product/179f65b0-2e5d-4a17-972c-56634be9c006","https://fmcltrjnuvuooarkvufn.supabase.co/storage/v1/object/public/products/product-images/koba-179f65b0-2e5d-4a17-972c-56634be9c006.jpg","Innisfree","Health & Beauty > Personal Care > Cosmetics","https://m.me/1002146686323797?ref=179f65b0-2e5d-4a17-972c-56634be9c006"
"5ac8a620-7cc1-4565-8214-9955d54b5fab","Innisfree Aloe Revitalizing Soothing Gel  300 ml","Minimum Retail Selling Price: ৳ 1,300","in stock","new","1360 BDT","https://glamourstouch.com/product/5ac8a620-7cc1-4565-8214-9955d54b5fab","https://fmcltrjnuvuooarkvufn.supabase.co/storage/v1/object/public/products/product-images/koba-5ac8a620-7cc1-4565-8214-9955d54b5fab.jpg","Innisfree","Health & Beauty > Personal Care > Cosmetics","https://m.me/1002146686323797?ref=5ac8a620-7cc1-4565-8214-9955d54b5fab"
"dd4f9e41-dd66-408e-8c67-d84756072b03","ILLIYOON Ceramide Ato Concentrate Cream  75 ml","Minimum Retail Selling Price: ৳ 980","in stock","new","1140 BDT","https://glamourstouch.com/product/dd4f9e41-dd66-408e-8c67-d84756072b03","https://fmcltrjnuvuooarkvufn.supabase.co/storage/v1/object/public/products/product-images/koba-dd4f9e41-dd66-408e-8c67-d84756072b03.jpg","Illiyoon","Health & Beauty > Personal Care > Cosmetics","https://m.me/1002146686323797?ref=dd4f9e41-dd66-408e-8c67-d84756072b03"
"6f19c97c-5b6c-4c35-9809-39ac61f27437","Medicube Kojic Acid Turmeric Night wrapping Mask 75 ml","Medicube Kojic Acid Turmeric Night wrapping Mask 75 ml","in stock","new","2340 BDT","https://glamourstouch.com/product/6f19c97c-5b6c-4c35-9809-39ac61f27437","https://fmcltrjnuvuooarkvufn.supabase.co/storage/v1/object/public/products/product-images/koba-6f19c97c-5b6c-4c35-9809-39ac61f27437.jpg","Medicube","Health & Beauty > Personal Care > Cosmetics","https://m.me/1002146686323797?ref=6f19c97c-5b6c-4c35-9809-39ac61f27437"
"18ff725a-2d84-4423-9f5a-d0a3933375de","Mise En Scene Perfect Serum Styling 80 ml","Minimum Retail Selling Price: 1,300","in stock","new","1500 BDT","https://glamourstouch.com/product/18ff725a-2d84-4423-9f5a-d0a3933375de","https://fmcltrjnuvuooarkvufn.supabase.co/storage/v1/object/public/products/product-images/koba-18ff725a-2d84-4423-9f5a-d0a3933375de.jpg","Mise En Scene","Health & Beauty > Personal Care > Cosmetics","https://m.me/1002146686323797?ref=18ff725a-2d84-4423-9f5a-d0a3933375de"
"d0f3665c-3a88-4265-947c-f6e0ead8cc25","Celimax The Real Noni Ultimate Eye Cream 20 ml","Minimum Retail Selling Price: 1,350","in stock","new","1540 BDT","https://glamourstouch.com/product/d0f3665c-3a88-4265-947c-f6e0ead8cc25","https://fmcltrjnuvuooarkvufn.supabase.co/storage/v1/object/public/products/product-images/koba-d0f3665c-3a88-4265-947c-f6e0ead8cc25.jpg","Celimax","Health & Beauty > Personal Care > Cosmetics","https://m.me/1002146686323797?ref=d0f3665c-3a88-4265-947c-f6e0ead8cc25"
"235d3d28-f1e8-4e65-931d-4ffdfb6911a0","Celimax The Vita A Retinol Shot Tightening Serum  30 ml","Minimum Retail Selling Price: 1,650","in stock","new","1760 BDT","https://glamourstouch.com/product/235d3d28-f1e8-4e65-931d-4ffdfb6911a0","https://fmcltrjnuvuooarkvufn.supabase.co/storage/v1/object/public/products/product-images/koba-235d3d28-f1e8-4e65-931d-4ffdfb6911a0.jpg","Celimax","Health & Beauty > Personal Care > Cosmetics","https://m.me/1002146686323797?ref=235d3d28-f1e8-4e65-931d-4ffdfb6911a0"
"c74e18d2-12bc-4262-bab2-e45b39babb64","The Ordinary Retinol 1% In Squalane 30 ml","Minimum Retail Selling Price: ৳ 1750","in stock","new","1990 BDT","https://glamourstouch.com/product/c74e18d2-12bc-4262-bab2-e45b39babb64","https://fmcltrjnuvuooarkvufn.supabase.co/storage/v1/object/public/products/product-images/koba-c74e18d2-12bc-4262-bab2-e45b39babb64.jpg","The Ordinary","Health & Beauty > Personal Care > Cosmetics","https://m.me/1002146686323797?ref=c74e18d2-12bc-4262-bab2-e45b39babb64"
"eb958605-9bb6-4a1c-b960-585ff4176adc","Aplb Glutathione Niacinamide Sunscreen 40 ml","Minimum Retail Selling Price: ৳ 950","in stock","new","1060 BDT","https://glamourstouch.com/product/eb958605-9bb6-4a1c-b960-585ff4176adc","https://fmcltrjnuvuooarkvufn.supabase.co/storage/v1/object/public/products/product-images/koba-eb958605-9bb6-4a1c-b960-585ff4176adc.jpg","Aplb","Health & Beauty > Personal Care > Cosmetics","https://m.me/1002146686323797?ref=eb958605-9bb6-4a1c-b960-585ff4176adc"
"a856b149-1035-4019-bb3c-69db53832b31","Aplb Glutathione Niacinamide Ampoule Serum 40 ml","Minimum Retail Selling Price: ৳ 950","in stock","new","1060 BDT","https://glamourstouch.com/product/a856b149-1035-4019-bb3c-69db53832b31","https://fmcltrjnuvuooarkvufn.supabase.co/storage/v1/object/public/products/product-images/koba-a856b149-1035-4019-bb3c-69db53832b31.jpg","Aplb","Health & Beauty > Personal Care > Cosmetics","https://m.me/1002146686323797?ref=a856b149-1035-4019-bb3c-69db53832b31"
"51f3477f-585d-42bd-a8cd-76b23d6505d3","Dabo All In One Snail 96 Mucin Essence 100 ml","Minimum Retail Selling Price: ৳ 1,280","in stock","new","1260 BDT","https://glamourstouch.com/product/51f3477f-585d-42bd-a8cd-76b23d6505d3","https://fmcltrjnuvuooarkvufn.supabase.co/storage/v1/object/public/products/product-images/koba-51f3477f-585d-42bd-a8cd-76b23d6505d3.jpg","Dabo","Health & Beauty > Personal Care > Cosmetics","https://m.me/1002146686323797?ref=51f3477f-585d-42bd-a8cd-76b23d6505d3"
"bde2477f-ae5e-4d8f-8bd3-0d895a58f97a","Essance Pearl Whitening Toner 195 ml","Minimum Retail Selling Price: ৳ 1,480","in stock","new","1460 BDT","https://glamourstouch.com/product/bde2477f-ae5e-4d8f-8bd3-0d895a58f97a","https://fmcltrjnuvuooarkvufn.supabase.co/storage/v1/object/public/products/product-images/koba-bde2477f-ae5e-4d8f-8bd3-0d895a58f97a.jpg","Essance","Health & Beauty > Personal Care > Cosmetics","https://m.me/1002146686323797?ref=bde2477f-ae5e-4d8f-8bd3-0d895a58f97a"
"651ba562-f358-4130-a2a0-0d014eb7b6a1","Essance Pearl Whitening Cream 50 ml","Minimum Retail Selling Price: ৳ 1280","in stock","new","1290 BDT","https://glamourstouch.com/product/651ba562-f358-4130-a2a0-0d014eb7b6a1","https://fmcltrjnuvuooarkvufn.supabase.co/storage/v1/object/public/products/product-images/koba-651ba562-f358-4130-a2a0-0d014eb7b6a1.jpg","Essance","Health & Beauty > Personal Care > Cosmetics","https://m.me/1002146686323797?ref=651ba562-f358-4130-a2a0-0d014eb7b6a1"
"0b42d57b-7325-472b-b93e-de2b2ae47cf5","Medi Flower The Collagen Wrinkle Eye Cream 40 ml","Minimum Retail Selling Price: ৳ 600","in stock","new","570 BDT","https://glamourstouch.com/product/0b42d57b-7325-472b-b93e-de2b2ae47cf5","https://fmcltrjnuvuooarkvufn.supabase.co/storage/v1/object/public/products/product-images/koba-0b42d57b-7325-472b-b93e-de2b2ae47cf5.jpg","Medi","Health & Beauty > Personal Care > Cosmetics","https://m.me/1002146686323797?ref=0b42d57b-7325-472b-b93e-de2b2ae47cf5"
"2be26cd8-5c9a-406a-8dc0-30a3cf9ce7a0","Grincelllabs Melazero Daily Whitening Ceram 50 ml","Minimum Retail Selling Price: 2,450","in stock","new","2430 BDT","https://glamourstouch.com/product/2be26cd8-5c9a-406a-8dc0-30a3cf9ce7a0","https://fmcltrjnuvuooarkvufn.supabase.co/storage/v1/object/public/products/product-images/koba-2be26cd8-5c9a-406a-8dc0-30a3cf9ce7a0.jpg","Grincelllabs","Health & Beauty > Personal Care > Cosmetics","https://m.me/1002146686323797?ref=2be26cd8-5c9a-406a-8dc0-30a3cf9ce7a0"
"93fda4b7-04b2-4697-9d5a-20a5b138962f","Dabo Hyaluronic Power Barrierderm Cream 120 ml","Minimum Retail Selling Price: ৳ 1,100","in stock","new","1190 BDT","https://glamourstouch.com/product/93fda4b7-04b2-4697-9d5a-20a5b138962f","https://fmcltrjnuvuooarkvufn.supabase.co/storage/v1/object/public/products/product-images/koba-93fda4b7-04b2-4697-9d5a-20a5b138962f.jpg","Dabo","Health & Beauty > Personal Care > Cosmetics","https://m.me/1002146686323797?ref=93fda4b7-04b2-4697-9d5a-20a5b138962f"
"aa5685b4-bc43-4395-9373-29bb8711d718","DABO 7 in 1 Moisture Sherbet Cream","Minimum Retail Selling Price: ৳ 1,100","in stock","new","1100 BDT","https://glamourstouch.com/product/aa5685b4-bc43-4395-9373-29bb8711d718","https://fmcltrjnuvuooarkvufn.supabase.co/storage/v1/object/public/products/product-images/koba-aa5685b4-bc43-4395-9373-29bb8711d718.jpg","Dabo","Health & Beauty > Personal Care > Cosmetics","https://m.me/1002146686323797?ref=aa5685b4-bc43-4395-9373-29bb8711d718"
"0a1094fe-ad95-4671-8a72-bab570cba8fe","Aromatica Rosemary Scalp Scaling Shampoo 400 ml","Minimum Retail Selling Price: ৳ 2,850","in stock","new","3570 BDT","https://glamourstouch.com/product/0a1094fe-ad95-4671-8a72-bab570cba8fe","https://fmcltrjnuvuooarkvufn.supabase.co/storage/v1/object/public/products/product-images/koba-0a1094fe-ad95-4671-8a72-bab570cba8fe.jpg","Aromatica","Health & Beauty > Personal Care > Cosmetics","https://m.me/1002146686323797?ref=0a1094fe-ad95-4671-8a72-bab570cba8fe"
"04b4d9e0-b7ff-484c-8929-2af0d626d28f","Aromatica Rosemary Scalp Scaling Shampoo 180 ml","Minimum Retail Selling Price: ৳ 1,600","in stock","new","1860 BDT","https://glamourstouch.com/product/04b4d9e0-b7ff-484c-8929-2af0d626d28f","https://fmcltrjnuvuooarkvufn.supabase.co/storage/v1/object/public/products/product-images/koba-04b4d9e0-b7ff-484c-8929-2af0d626d28f.jpg","Aromatica","Health & Beauty > Personal Care > Cosmetics","https://m.me/1002146686323797?ref=04b4d9e0-b7ff-484c-8929-2af0d626d28f"
"088867c3-0e8f-4e5b-9bfb-5b2f317a71d0","Dabo Total Solution BB Cushion 15 g","Dabo Total Solution BB Cushion 15 g","in stock","new","890 BDT","https://glamourstouch.com/product/088867c3-0e8f-4e5b-9bfb-5b2f317a71d0","https://fmcltrjnuvuooarkvufn.supabase.co/storage/v1/object/public/products/product-images/koba-088867c3-0e8f-4e5b-9bfb-5b2f317a71d0.jpg","Dabo","Health & Beauty > Personal Care > Cosmetics","https://m.me/1002146686323797?ref=088867c3-0e8f-4e5b-9bfb-5b2f317a71d0"
"e256965e-cbb2-4d73-9a57-9f295e4ae593","AESTURA Atobarrier 365 Cream  30 ml","Minimum Retail Selling Price: ৳ 980","in stock","new","700 BDT","https://glamourstouch.com/product/e256965e-cbb2-4d73-9a57-9f295e4ae593","https://fmcltrjnuvuooarkvufn.supabase.co/storage/v1/object/public/products/product-images/koba-e256965e-cbb2-4d73-9a57-9f295e4ae593.jpg","AESTURA","Health & Beauty > Personal Care > Cosmetics","https://m.me/1002146686323797?ref=e256965e-cbb2-4d73-9a57-9f295e4ae593"
"df23bfc6-6fba-4d10-946c-374846a7d364","Dabo Azulene No-Sebum Blurring Powder 4 g","Minimum Retail Selling Price: ৳700","in stock","new","760 BDT","https://glamourstouch.com/product/df23bfc6-6fba-4d10-946c-374846a7d364","https://fmcltrjnuvuooarkvufn.supabase.co/storage/v1/object/public/products/product-images/koba-df23bfc6-6fba-4d10-946c-374846a7d364.jpg","Dabo","Health & Beauty > Personal Care > Cosmetics","https://m.me/1002146686323797?ref=df23bfc6-6fba-4d10-946c-374846a7d364"
"d4274ec5-c50d-406f-9363-3e8911f47c57","Lebelage Collagen No Sebum Foundation SPF 50+ PA+++ 100 ml","Lebelage Collagen No Sebum Foundation SPF 50+ PA+++ 100 ml","in stock","new","1190 BDT","https://glamourstouch.com/product/d4274ec5-c50d-406f-9363-3e8911f47c57","https://fmcltrjnuvuooarkvufn.supabase.co/storage/v1/object/public/products/product-images/koba-d4274ec5-c50d-406f-9363-3e8911f47c57.jpg","Lebelage","Health & Beauty > Personal Care > Cosmetics","https://m.me/1002146686323797?ref=d4274ec5-c50d-406f-9363-3e8911f47c57"
"42744506-8a8c-40e4-9b01-d5cf247dc437","Tonymoly Make HD Hair Bleach ( 10g + 30 ml )","Minimum Retail Selling Price: ৳ 1,100","in stock","new","1110 BDT","https://glamourstouch.com/product/42744506-8a8c-40e4-9b01-d5cf247dc437","https://fmcltrjnuvuooarkvufn.supabase.co/storage/v1/object/public/products/product-images/koba-42744506-8a8c-40e4-9b01-d5cf247dc437.jpg","Tonymoly","Health & Beauty > Personal Care > Cosmetics","https://m.me/1002146686323797?ref=42744506-8a8c-40e4-9b01-d5cf247dc437"
"3bdc16db-aef6-4dad-b8d9-1dc2a699ce0d","SKIN1004 Madagascar Centella Tea-Trica Relief Ampoule 30 ml","Minimum Retail Selling Price: ৳ 900","in stock","new","970 BDT","https://glamourstouch.com/product/3bdc16db-aef6-4dad-b8d9-1dc2a699ce0d","https://fmcltrjnuvuooarkvufn.supabase.co/storage/v1/object/public/products/product-images/koba-3bdc16db-aef6-4dad-b8d9-1dc2a699ce0d.jpg","SKIN1004","Health & Beauty > Personal Care > Cosmetics","https://m.me/1002146686323797?ref=3bdc16db-aef6-4dad-b8d9-1dc2a699ce0d"
"cd6b5f35-95d1-42bf-9fc0-6f6f5fc5b4b4","SKIN1004 Madagascar Centella Tone Brightening Capsule Cream 75 ml","Minimum Retail Selling Price: ৳ 1,950","in stock","new","2110 BDT","https://glamourstouch.com/product/cd6b5f35-95d1-42bf-9fc0-6f6f5fc5b4b4","https://fmcltrjnuvuooarkvufn.supabase.co/storage/v1/object/public/products/product-images/koba-cd6b5f35-95d1-42bf-9fc0-6f6f5fc5b4b4.jpg","SKIN1004","Health & Beauty > Personal Care > Cosmetics","https://m.me/1002146686323797?ref=cd6b5f35-95d1-42bf-9fc0-6f6f5fc5b4b4"
"7f8856b8-34b5-4260-b966-d73ca4827359","K-Secret Seoul 1988 Sun : Pine Tree + Ceramide 50 ml","Minimum Retail Selling Price: ৳ 1,450","in stock","new","1540 BDT","https://glamourstouch.com/product/7f8856b8-34b5-4260-b966-d73ca4827359","https://fmcltrjnuvuooarkvufn.supabase.co/storage/v1/object/public/products/product-images/koba-7f8856b8-34b5-4260-b966-d73ca4827359.jpg","K-Secret","Health & Beauty > Personal Care > Cosmetics","https://m.me/1002146686323797?ref=7f8856b8-34b5-4260-b966-d73ca4827359"
"fafd9ab2-1598-4af8-9ded-bc2e651eb769","Tiam Vita B3 (Niacinamide) 10% + Arbutin 2%  40 ml","Minimum Retail Selling Price: ৳ 1,250","in stock","new","1460 BDT","https://glamourstouch.com/product/fafd9ab2-1598-4af8-9ded-bc2e651eb769","https://fmcltrjnuvuooarkvufn.supabase.co/storage/v1/object/public/products/product-images/koba-fafd9ab2-1598-4af8-9ded-bc2e651eb769.jpg","Tiam","Health & Beauty > Personal Care > Cosmetics","https://m.me/1002146686323797?ref=fafd9ab2-1598-4af8-9ded-bc2e651eb769"
"3874b06d-f6e7-48bd-9692-50b5cd03bdc4","Dabo Aloe Vera Calming Sun Cream  15 ml","Minimum Retail Selling Price: ৳250","in stock","new","230 BDT","https://glamourstouch.com/product/3874b06d-f6e7-48bd-9692-50b5cd03bdc4","https://fmcltrjnuvuooarkvufn.supabase.co/storage/v1/object/public/products/product-images/koba-3874b06d-f6e7-48bd-9692-50b5cd03bdc4.jpg","Dabo","Health & Beauty > Personal Care > Cosmetics","https://m.me/1002146686323797?ref=3874b06d-f6e7-48bd-9692-50b5cd03bdc4"
"f4a011f6-a05a-4124-9901-69a98c2a5a5e","Dabo 7 In 1 Multi Foam Cleanser  20 ml","Minimum Retail Selling Price: ৳250","in stock","new","230 BDT","https://glamourstouch.com/product/f4a011f6-a05a-4124-9901-69a98c2a5a5e","https://fmcltrjnuvuooarkvufn.supabase.co/storage/v1/object/public/products/product-images/koba-f4a011f6-a05a-4124-9901-69a98c2a5a5e.jpg","Dabo","Health & Beauty > Personal Care > Cosmetics","https://m.me/1002146686323797?ref=f4a011f6-a05a-4124-9901-69a98c2a5a5e"
"66d6a9f2-6914-49dc-9404-72d58fd74785","3w Clinic Honey Eye Cream 40 ml","Minimum Retail Selling Price: ৳400","in stock","new","410 BDT","https://glamourstouch.com/product/66d6a9f2-6914-49dc-9404-72d58fd74785","https://fmcltrjnuvuooarkvufn.supabase.co/storage/v1/object/public/products/product-images/koba-66d6a9f2-6914-49dc-9404-72d58fd74785.jpg","3w Clinic","Health & Beauty > Personal Care > Cosmetics","https://m.me/1002146686323797?ref=66d6a9f2-6914-49dc-9404-72d58fd74785"
"c8bd501c-a830-4ebd-8bb8-c83c7e7cf503","Dr.Groot Scalp Solution Cool Menthol Shampoo 180 ml","Minimum Retail Selling Price: ৳900","in stock","new","1000 BDT","https://glamourstouch.com/product/c8bd501c-a830-4ebd-8bb8-c83c7e7cf503","https://fmcltrjnuvuooarkvufn.supabase.co/storage/v1/object/public/products/product-images/koba-c8bd501c-a830-4ebd-8bb8-c83c7e7cf503.jpg","Dr.Groot","Health & Beauty > Personal Care > Cosmetics","https://m.me/1002146686323797?ref=c8bd501c-a830-4ebd-8bb8-c83c7e7cf503"
"fe5a407a-2e08-4a42-a9ff-d61155d2c25d","Confume Argan Damage Treatment  200 g","Minimum Retail Selling Price: ৳ 950","in stock","new","1040 BDT","https://glamourstouch.com/product/fe5a407a-2e08-4a42-a9ff-d61155d2c25d","https://fmcltrjnuvuooarkvufn.supabase.co/storage/v1/object/public/products/product-images/koba-fe5a407a-2e08-4a42-a9ff-d61155d2c25d.jpg","Confume","Health & Beauty > Personal Care > Cosmetics","https://m.me/1002146686323797?ref=fe5a407a-2e08-4a42-a9ff-d61155d2c25d"
"d60bf729-1b6a-48ca-8f34-27802f42d793","Dongsung Melanin Care Rannce Cream","Dongsung Melanin Care Rannce Cream","in stock","new","4290 BDT","https://glamourstouch.com/product/d60bf729-1b6a-48ca-8f34-27802f42d793","https://fmcltrjnuvuooarkvufn.supabase.co/storage/v1/object/public/products/product-images/koba-d60bf729-1b6a-48ca-8f34-27802f42d793.jpg","Dongsung","Health & Beauty > Personal Care > Cosmetics","https://m.me/1002146686323797?ref=d60bf729-1b6a-48ca-8f34-27802f42d793"
"e4345a84-6737-4a75-8055-03c90b453c77","Phytotree Twenty Four Hour Velvet Tint 5.5 g","Phytotree Twenty Four Hour Velvet Tint 5.5 g","in stock","new","830 BDT","https://glamourstouch.com/product/e4345a84-6737-4a75-8055-03c90b453c77","https://fmcltrjnuvuooarkvufn.supabase.co/storage/v1/object/public/products/product-images/koba-e4345a84-6737-4a75-8055-03c90b453c77.jpg","Phytotree","Health & Beauty > Personal Care > Cosmetics","https://m.me/1002146686323797?ref=e4345a84-6737-4a75-8055-03c90b453c77"
"7e8320d2-c60e-4a47-a27c-1f18f6b09619","Plu365 Body Scrub Raspberry 100 g","Minimum Retail Selling Price: ৳ 950","in stock","new","1000 BDT","https://glamourstouch.com/product/7e8320d2-c60e-4a47-a27c-1f18f6b09619","https://fmcltrjnuvuooarkvufn.supabase.co/storage/v1/object/public/products/product-images/koba-7e8320d2-c60e-4a47-a27c-1f18f6b09619.jpg","Plu365","Health & Beauty > Personal Care > Cosmetics","https://m.me/1002146686323797?ref=7e8320d2-c60e-4a47-a27c-1f18f6b09619"
"e49ebaea-be54-4490-8eb9-fb2b8d8d3e91","Elastine The Protein Repair With Collagen Volume Care Shampoo 855 ml","Minimum Retail Selling Price: ৳ 2,850","in stock","new","3070 BDT","https://glamourstouch.com/product/e49ebaea-be54-4490-8eb9-fb2b8d8d3e91","https://fmcltrjnuvuooarkvufn.supabase.co/storage/v1/object/public/products/product-images/koba-e49ebaea-be54-4490-8eb9-fb2b8d8d3e91.jpg","Elastine","Health & Beauty > Personal Care > Cosmetics","https://m.me/1002146686323797?ref=e49ebaea-be54-4490-8eb9-fb2b8d8d3e91"
"cb3d20c8-495e-4aef-b829-571bc0ba74f1","Elastine The Protein Repair With Macadamia Oil Damage Care Shampoo 855 ml","Minimum Retail Selling Price: ৳ 2,850","in stock","new","3430 BDT","https://glamourstouch.com/product/cb3d20c8-495e-4aef-b829-571bc0ba74f1","https://fmcltrjnuvuooarkvufn.supabase.co/storage/v1/object/public/products/product-images/koba-cb3d20c8-495e-4aef-b829-571bc0ba74f1.jpg","Elastine","Health & Beauty > Personal Care > Cosmetics","https://m.me/1002146686323797?ref=cb3d20c8-495e-4aef-b829-571bc0ba74f1"
"097bf1ad-13ce-44c1-a1ae-8ef554faa91c","Holidays Premium Quality Collagen White Tablet  60 g","Minimum Retail Selling Price: ৳ 2,650","in stock","new","3000 BDT","https://glamourstouch.com/product/097bf1ad-13ce-44c1-a1ae-8ef554faa91c","https://fmcltrjnuvuooarkvufn.supabase.co/storage/v1/object/public/products/product-images/koba-097bf1ad-13ce-44c1-a1ae-8ef554faa91c.jpg","Holidays","Health & Beauty > Personal Care > Cosmetics","https://m.me/1002146686323797?ref=097bf1ad-13ce-44c1-a1ae-8ef554faa91c"
"f3c77937-5dc6-4da3-83db-552ebddc2ba1","Phytotree Phyto Seed Cream 100 ml","Minimum Retail Selling Price: ৳ 1,200","in stock","new","1140 BDT","https://glamourstouch.com/product/f3c77937-5dc6-4da3-83db-552ebddc2ba1","https://fmcltrjnuvuooarkvufn.supabase.co/storage/v1/object/public/products/product-images/koba-f3c77937-5dc6-4da3-83db-552ebddc2ba1.jpg","Phytotree","Health & Beauty > Personal Care > Cosmetics","https://m.me/1002146686323797?ref=f3c77937-5dc6-4da3-83db-552ebddc2ba1"
"e4a114ee-ed06-4251-842e-9ce9fe43cb70","Kerasys Hair Clinic Extra Damage Care Rinse 180ml","Minimum Retail Selling Price: ৳ 850","in stock","new","900 BDT","https://glamourstouch.com/product/e4a114ee-ed06-4251-842e-9ce9fe43cb70","https://fmcltrjnuvuooarkvufn.supabase.co/storage/v1/object/public/products/product-images/koba-e4a114ee-ed06-4251-842e-9ce9fe43cb70.jpg","Kerasys","Health & Beauty > Personal Care > Cosmetics","https://m.me/1002146686323797?ref=e4a114ee-ed06-4251-842e-9ce9fe43cb70"
"c268243f-1560-4793-ab21-07d3bc6f09f7","PURITO Pure Vitamin C Serum 60 ml","Minimum Retail Selling Price: ৳ 1,700","in stock","new","1830 BDT","https://glamourstouch.com/product/c268243f-1560-4793-ab21-07d3bc6f09f7","https://fmcltrjnuvuooarkvufn.supabase.co/storage/v1/object/public/products/product-images/koba-c268243f-1560-4793-ab21-07d3bc6f09f7.jpg","PURITO","Health & Beauty > Personal Care > Cosmetics","https://m.me/1002146686323797?ref=c268243f-1560-4793-ab21-07d3bc6f09f7"
"b82c464e-e56c-44a9-892c-4cff2cec41ad","Some By Mi Truecica Mineral Calming Tone-up Suncream Spf50+ 50 ml","Minimum Retail Selling Price: ৳ 1,650","in stock","new","1760 BDT","https://glamourstouch.com/product/b82c464e-e56c-44a9-892c-4cff2cec41ad","https://fmcltrjnuvuooarkvufn.supabase.co/storage/v1/object/public/products/product-images/koba-b82c464e-e56c-44a9-892c-4cff2cec41ad.jpg","Some By Mi","Health & Beauty > Personal Care > Cosmetics","https://m.me/1002146686323797?ref=b82c464e-e56c-44a9-892c-4cff2cec41ad"
"0f6e7ace-61fd-478d-a76a-b98417cbf249","AXIS-Y Dark Spot Correcting Glow Toner 125 ml","Minimum Retail Selling Price: ৳ 1,750","in stock","new","1810 BDT","https://glamourstouch.com/product/0f6e7ace-61fd-478d-a76a-b98417cbf249","https://fmcltrjnuvuooarkvufn.supabase.co/storage/v1/object/public/products/product-images/koba-0f6e7ace-61fd-478d-a76a-b98417cbf249.jpg","AXIS-Y","Health & Beauty > Personal Care > Cosmetics","https://m.me/1002146686323797?ref=0f6e7ace-61fd-478d-a76a-b98417cbf249"
"7c81c760-4476-451f-8990-752835ab9e7c","Nature Republic Fresh Herb Cleansing Foam 170 ml","Nature Republic Fresh Herb Cleansing Foam 170 ml","in stock","new","1210 BDT","https://glamourstouch.com/product/7c81c760-4476-451f-8990-752835ab9e7c","https://fmcltrjnuvuooarkvufn.supabase.co/storage/v1/object/public/products/product-images/koba-7c81c760-4476-451f-8990-752835ab9e7c.jpg","Nature Republic","Health & Beauty > Personal Care > Cosmetics","https://m.me/1002146686323797?ref=7c81c760-4476-451f-8990-752835ab9e7c"
"9179a60c-188e-4cee-8376-17e6b14935b3","Etude Crunch Pore Scrub Baking Powder 200 g","Minimum Retail Selling Price: ৳ 1,600","in stock","new","1540 BDT","https://glamourstouch.com/product/9179a60c-188e-4cee-8376-17e6b14935b3","https://fmcltrjnuvuooarkvufn.supabase.co/storage/v1/object/public/products/product-images/koba-9179a60c-188e-4cee-8376-17e6b14935b3.jpg","Etude","Health & Beauty > Personal Care > Cosmetics","https://m.me/1002146686323797?ref=9179a60c-188e-4cee-8376-17e6b14935b3"
"2812660d-d662-445a-aa9e-d4285b90fc8b","Etude Pore Cleansing Foam Baking Powder 160 g","Minimum Retail Selling Price: ৳ 1,200","in stock","new","1360 BDT","https://glamourstouch.com/product/2812660d-d662-445a-aa9e-d4285b90fc8b","https://fmcltrjnuvuooarkvufn.supabase.co/storage/v1/object/public/products/product-images/koba-2812660d-d662-445a-aa9e-d4285b90fc8b.jpg","Etude","Health & Beauty > Personal Care > Cosmetics","https://m.me/1002146686323797?ref=2812660d-d662-445a-aa9e-d4285b90fc8b"
"588090de-ef88-46ff-9308-ecd47fa562ef","Beaute 3D Underarm Whitening Cure Cream 100 ml","Minimum Retail Selling Price: ৳ 950 Beaute Melasma -X 3D Underarm Whitening Cure Cream 55 g","in stock","new","1000 BDT","https://glamourstouch.com/product/588090de-ef88-46ff-9308-ecd47fa562ef","https://fmcltrjnuvuooarkvufn.supabase.co/storage/v1/object/public/products/product-images/koba-588090de-ef88-46ff-9308-ecd47fa562ef.jpg","Beaute","Health & Beauty > Personal Care > Cosmetics","https://m.me/1002146686323797?ref=588090de-ef88-46ff-9308-ecd47fa562ef"
"e480b0ee-e70e-437d-baf3-d18efb41bf48","Beaute  3D Whitening Clinic Renewal Cream  40 ml","Minimum Retail Selling Price: ৳ 900","in stock","new","830 BDT","https://glamourstouch.com/product/e480b0ee-e70e-437d-baf3-d18efb41bf48","https://fmcltrjnuvuooarkvufn.supabase.co/storage/v1/object/public/products/product-images/koba-e480b0ee-e70e-437d-baf3-d18efb41bf48.jpg","Beaute","Health & Beauty > Personal Care > Cosmetics","https://m.me/1002146686323797?ref=e480b0ee-e70e-437d-baf3-d18efb41bf48"
"b60ee72d-1c3b-453b-a856-b1d9d619e49e","Nature Skin Rice Water Bright Facial Foam 102 ml","Nature Skin Rice Water Bright Facial Foam 102 ml","in stock","new","560 BDT","https://glamourstouch.com/product/b60ee72d-1c3b-453b-a856-b1d9d619e49e","https://fmcltrjnuvuooarkvufn.supabase.co/storage/v1/object/public/products/product-images/koba-b60ee72d-1c3b-453b-a856-b1d9d619e49e.jpg","Nature Skin","Health & Beauty > Personal Care > Cosmetics","https://m.me/1002146686323797?ref=b60ee72d-1c3b-453b-a856-b1d9d619e49e"
"02330331-5012-431b-92e3-17db9edf48b9","RYO Root:Gen For Women Hair Loss Care Shampoo (Root Volumizing) 100 ml","Minimum Retail Selling Price: ৳ 500","in stock","new","560 BDT","https://glamourstouch.com/product/02330331-5012-431b-92e3-17db9edf48b9","https://fmcltrjnuvuooarkvufn.supabase.co/storage/v1/object/public/products/product-images/koba-02330331-5012-431b-92e3-17db9edf48b9.jpg","RYO","Health & Beauty > Personal Care > Cosmetics","https://m.me/1002146686323797?ref=02330331-5012-431b-92e3-17db9edf48b9"
"457d08b0-305c-47fc-a21d-0e13c6189723","Ryo Damage Care & Nourishing Shampoo – Floral Powdery Herbal Scent 112 ml","Minimum Retail Selling Price: ৳ 480","in stock","new","500 BDT","https://glamourstouch.com/product/457d08b0-305c-47fc-a21d-0e13c6189723","https://fmcltrjnuvuooarkvufn.supabase.co/storage/v1/object/public/products/product-images/koba-457d08b0-305c-47fc-a21d-0e13c6189723.jpg","Ryo","Health & Beauty > Personal Care > Cosmetics","https://m.me/1002146686323797?ref=457d08b0-305c-47fc-a21d-0e13c6189723"
"10a6a14d-4888-4dfe-839d-b7d8258296b2","Dabo Urea 10 Silk Foot Therapy Cream 100 ml","Minimum Retail Selling Price: ৳ 650","in stock","new","690 BDT","https://glamourstouch.com/product/10a6a14d-4888-4dfe-839d-b7d8258296b2","https://fmcltrjnuvuooarkvufn.supabase.co/storage/v1/object/public/products/product-images/koba-10a6a14d-4888-4dfe-839d-b7d8258296b2.jpg","Dabo","Health & Beauty > Personal Care > Cosmetics","https://m.me/1002146686323797?ref=10a6a14d-4888-4dfe-839d-b7d8258296b2"
"0f178392-1595-43da-8528-b1a9b39d9665","Dabo Pink Collagen PDRN Hydra Capsule Cream 55 ml","Minimum Retail Selling Price: ৳ 1,150","in stock","new","1090 BDT","https://glamourstouch.com/product/0f178392-1595-43da-8528-b1a9b39d9665","https://fmcltrjnuvuooarkvufn.supabase.co/storage/v1/object/public/products/product-images/koba-0f178392-1595-43da-8528-b1a9b39d9665.jpg","Dabo","Health & Beauty > Personal Care > Cosmetics","https://m.me/1002146686323797?ref=0f178392-1595-43da-8528-b1a9b39d9665"
"0d7a1c2a-33dc-461c-b2cd-080b11cda6d3","Dabo Pink Collagen PDRN Glow Capsule Serum 55 ml","Minimum Retail Selling Price: ৳ 1,150","in stock","new","1130 BDT","https://glamourstouch.com/product/0d7a1c2a-33dc-461c-b2cd-080b11cda6d3","https://fmcltrjnuvuooarkvufn.supabase.co/storage/v1/object/public/products/product-images/koba-0d7a1c2a-33dc-461c-b2cd-080b11cda6d3.jpg","Dabo","Health & Beauty > Personal Care > Cosmetics","https://m.me/1002146686323797?ref=0d7a1c2a-33dc-461c-b2cd-080b11cda6d3"
"e40e7453-dd23-4b38-bd8a-e8ba282673e1","Dabo Pink Collagen PDRN Revital Toner 150 ml","Minimum Retail Selling Price: ৳ 1,150","in stock","new","1140 BDT","https://glamourstouch.com/product/e40e7453-dd23-4b38-bd8a-e8ba282673e1","https://fmcltrjnuvuooarkvufn.supabase.co/storage/v1/object/public/products/product-images/koba-e40e7453-dd23-4b38-bd8a-e8ba282673e1.jpg","Dabo","Health & Beauty > Personal Care > Cosmetics","https://m.me/1002146686323797?ref=e40e7453-dd23-4b38-bd8a-e8ba282673e1"
"a3e86e49-fb13-4d6b-a365-8587bb1eb4cb","Dabo Green Tomato Retinol Revive Toner 150 ml","Minimum Retail Selling Price: ৳ 1,35","in stock","new","1140 BDT","https://glamourstouch.com/product/a3e86e49-fb13-4d6b-a365-8587bb1eb4cb","https://fmcltrjnuvuooarkvufn.supabase.co/storage/v1/object/public/products/product-images/koba-a3e86e49-fb13-4d6b-a365-8587bb1eb4cb.jpg","Dabo","Health & Beauty > Personal Care > Cosmetics","https://m.me/1002146686323797?ref=a3e86e49-fb13-4d6b-a365-8587bb1eb4cb"
"ac0504ba-232f-49b0-9b55-e86d31416bbb","Dabo Green Tomato Retinol Airy Cream 60 ml","Minimum Retail Selling Price: ৳ 1,200","in stock","new","1110 BDT","https://glamourstouch.com/product/ac0504ba-232f-49b0-9b55-e86d31416bbb","https://fmcltrjnuvuooarkvufn.supabase.co/storage/v1/object/public/products/product-images/koba-ac0504ba-232f-49b0-9b55-e86d31416bbb.jpg","Dabo","Health & Beauty > Personal Care > Cosmetics","https://m.me/1002146686323797?ref=ac0504ba-232f-49b0-9b55-e86d31416bbb"
"c83478f4-ed56-4281-8400-4d34c5b58ed6","Phytotree Lha & Phytoseed Cleansing Oil 200 ml","Minimum Retail Selling Price: ৳ 1,350","in stock","new","1400 BDT","https://glamourstouch.com/product/c83478f4-ed56-4281-8400-4d34c5b58ed6","https://fmcltrjnuvuooarkvufn.supabase.co/storage/v1/object/public/products/product-images/koba-c83478f4-ed56-4281-8400-4d34c5b58ed6.jpg","Phytotree","Health & Beauty > Personal Care > Cosmetics","https://m.me/1002146686323797?ref=c83478f4-ed56-4281-8400-4d34c5b58ed6"
"005500f9-0d99-4230-8871-7bae0c156256","Phytotree Pure Alps Mountain Cleansing Foam 150 ml","Minimum Retail Selling Price: ৳ 980","in stock","new","930 BDT","https://glamourstouch.com/product/005500f9-0d99-4230-8871-7bae0c156256","https://fmcltrjnuvuooarkvufn.supabase.co/storage/v1/object/public/products/product-images/koba-005500f9-0d99-4230-8871-7bae0c156256.jpg","Phytotree","Health & Beauty > Personal Care > Cosmetics","https://m.me/1002146686323797?ref=005500f9-0d99-4230-8871-7bae0c156256"
"d30b6fe8-b2df-48f0-ad57-51b6cf22106f","SKIN1004 Madagascar Centella Hyalu-Cica Water-Fit Sun Serum Spf 50+ PA++++ 50 ml","Minimum Retail Selling Price: ৳ 1,580","in stock","new","2260 BDT","https://glamourstouch.com/product/d30b6fe8-b2df-48f0-ad57-51b6cf22106f","https://fmcltrjnuvuooarkvufn.supabase.co/storage/v1/object/public/products/product-images/koba-d30b6fe8-b2df-48f0-ad57-51b6cf22106f.jpg","SKIN1004","Health & Beauty > Personal Care > Cosmetics","https://m.me/1002146686323797?ref=d30b6fe8-b2df-48f0-ad57-51b6cf22106f"
"85351d6a-ad0e-4557-81eb-8468f1c32a87","Phytotree Phyto Solution 9 Niacin Ampoule 30 ml","Minimum Retail Selling Price: ৳ 1,180","in stock","new","1190 BDT","https://glamourstouch.com/product/85351d6a-ad0e-4557-81eb-8468f1c32a87","https://fmcltrjnuvuooarkvufn.supabase.co/storage/v1/object/public/products/product-images/koba-85351d6a-ad0e-4557-81eb-8468f1c32a87.jpg","Phytotree","Health & Beauty > Personal Care > Cosmetics","https://m.me/1002146686323797?ref=85351d6a-ad0e-4557-81eb-8468f1c32a87"
"266cf82d-a6d8-421c-b672-d1fb80c6c9d3","Raip R3 Argan Hair Oil  100 ml","Raip R3 Argan Hair Oil 100 ml","in stock","new","930 BDT","https://glamourstouch.com/product/266cf82d-a6d8-421c-b672-d1fb80c6c9d3","https://fmcltrjnuvuooarkvufn.supabase.co/storage/v1/object/public/products/product-images/koba-266cf82d-a6d8-421c-b672-d1fb80c6c9d3.jpg","Raip","Health & Beauty > Personal Care > Cosmetics","https://m.me/1002146686323797?ref=266cf82d-a6d8-421c-b672-d1fb80c6c9d3"
"6f7387cf-3075-4736-a25c-c6c029be0453","Nivea Derma SOS Care Body Lotion 400 ml","Minimum Retail Selling Price: ৳ 1,450","in stock","new","1860 BDT","https://glamourstouch.com/product/6f7387cf-3075-4736-a25c-c6c029be0453","https://fmcltrjnuvuooarkvufn.supabase.co/storage/v1/object/public/products/product-images/koba-6f7387cf-3075-4736-a25c-c6c029be0453.jpg","Nivea","Health & Beauty > Personal Care > Cosmetics","https://m.me/1002146686323797?ref=6f7387cf-3075-4736-a25c-c6c029be0453"
"b4b9d1be-c98a-45cc-9f61-a1dc1503b2c7","Nivea Intensive Care Body Lotion 400 ml","Minimum Retail Selling Price: ৳ 1500","in stock","new","1740 BDT","https://glamourstouch.com/product/b4b9d1be-c98a-45cc-9f61-a1dc1503b2c7","https://fmcltrjnuvuooarkvufn.supabase.co/storage/v1/object/public/products/product-images/koba-b4b9d1be-c98a-45cc-9f61-a1dc1503b2c7.jpg","Nivea","Health & Beauty > Personal Care > Cosmetics","https://m.me/1002146686323797?ref=b4b9d1be-c98a-45cc-9f61-a1dc1503b2c7"
"10e682ef-3165-41c5-aa75-5a06912e32d8","Kerasys Devil's Edition Mystic Blossom Perfumed Shampoo 600 ml","Minimum Retail Selling Price: ৳ 1,950","in stock","new","2210 BDT","https://glamourstouch.com/product/10e682ef-3165-41c5-aa75-5a06912e32d8","https://fmcltrjnuvuooarkvufn.supabase.co/storage/v1/object/public/products/product-images/koba-10e682ef-3165-41c5-aa75-5a06912e32d8.jpg","Kerasys","Health & Beauty > Personal Care > Cosmetics","https://m.me/1002146686323797?ref=10e682ef-3165-41c5-aa75-5a06912e32d8"
"d1a42054-d0aa-4f0f-ba68-728aa0a5093c","mise en scene Perfect Serum Original Shampoo 140 ml","Minimum Retail Selling Price: ৳ 750","in stock","new","760 BDT","https://glamourstouch.com/product/d1a42054-d0aa-4f0f-ba68-728aa0a5093c","https://fmcltrjnuvuooarkvufn.supabase.co/storage/v1/object/public/products/product-images/koba-d1a42054-d0aa-4f0f-ba68-728aa0a5093c.jpg","Mise En Scene","Health & Beauty > Personal Care > Cosmetics","https://m.me/1002146686323797?ref=d1a42054-d0aa-4f0f-ba68-728aa0a5093c"
"56ed5307-ee42-4b61-92e7-81f080d4f4e4","K-SECRET Seoul 1988 Eye Cream : Retinal Liposome 4% + Fermented Bean 30 ml","Minimum Retail Selling Price: ৳ 1,580","in stock","new","1690 BDT","https://glamourstouch.com/product/56ed5307-ee42-4b61-92e7-81f080d4f4e4","https://fmcltrjnuvuooarkvufn.supabase.co/storage/v1/object/public/products/product-images/koba-56ed5307-ee42-4b61-92e7-81f080d4f4e4.jpg","K-Secret","Health & Beauty > Personal Care > Cosmetics","https://m.me/1002146686323797?ref=56ed5307-ee42-4b61-92e7-81f080d4f4e4"
"9623e0e6-8f7f-4637-858c-694591059d68","Raip Repair Shampoo Original 500ml","Minimum Retail Selling Price: ৳ 1,750","in stock","new","2000 BDT","https://glamourstouch.com/product/9623e0e6-8f7f-4637-858c-694591059d68","https://fmcltrjnuvuooarkvufn.supabase.co/storage/v1/object/public/products/product-images/koba-9623e0e6-8f7f-4637-858c-694591059d68.jpg","Raip","Health & Beauty > Personal Care > Cosmetics","https://m.me/1002146686323797?ref=9623e0e6-8f7f-4637-858c-694591059d68"
"704f6ef3-a975-44c5-b380-5e9bf62c70ad","Holika Holika Biotin Damage Care Oil Serum 80 ml","Minimum Retail Selling Price: ৳ 1,200","in stock","new","1260 BDT","https://glamourstouch.com/product/704f6ef3-a975-44c5-b380-5e9bf62c70ad","https://fmcltrjnuvuooarkvufn.supabase.co/storage/v1/object/public/products/product-images/koba-704f6ef3-a975-44c5-b380-5e9bf62c70ad.jpg","Holika Holika","Health & Beauty > Personal Care > Cosmetics","https://m.me/1002146686323797?ref=704f6ef3-a975-44c5-b380-5e9bf62c70ad"
"33621285-fee7-4239-bcaa-762ee9654b06","Dabo Natural Rich Foam Cleanser Cucumber 60ml","Minimum Retail Selling Price: ৳ 450","in stock","new","390 BDT","https://glamourstouch.com/product/33621285-fee7-4239-bcaa-762ee9654b06","https://fmcltrjnuvuooarkvufn.supabase.co/storage/v1/object/public/products/product-images/koba-33621285-fee7-4239-bcaa-762ee9654b06.jpg","Dabo","Health & Beauty > Personal Care > Cosmetics","https://m.me/1002146686323797?ref=33621285-fee7-4239-bcaa-762ee9654b06"
"a0addaa8-d024-4465-aaac-dd12fe5239a1","Dabo Bha Perfect Oil Cleanser 200 ml","Minimum Retail Selling Price: ৳ 1,250","in stock","new","1460 BDT","https://glamourstouch.com/product/a0addaa8-d024-4465-aaac-dd12fe5239a1","https://fmcltrjnuvuooarkvufn.supabase.co/storage/v1/object/public/products/product-images/koba-a0addaa8-d024-4465-aaac-dd12fe5239a1.jpg","Dabo","Health & Beauty > Personal Care > Cosmetics","https://m.me/1002146686323797?ref=a0addaa8-d024-4465-aaac-dd12fe5239a1"
"d3624232-93b5-490c-a511-26b8f8636e7c","SKIN1004 Madagascar Centella Poremizing Fresh Ampoule","Minimum Retail Selling Price: ৳ 900","in stock","new","970 BDT","https://glamourstouch.com/product/d3624232-93b5-490c-a511-26b8f8636e7c","https://fmcltrjnuvuooarkvufn.supabase.co/storage/v1/object/public/products/product-images/koba-d3624232-93b5-490c-a511-26b8f8636e7c.jpg","SKIN1004","Health & Beauty > Personal Care > Cosmetics","https://m.me/1002146686323797?ref=d3624232-93b5-490c-a511-26b8f8636e7c"
"26dc3f22-51f1-4bab-aada-955d22d888f6","Oriox Color Lip Balm 4.8g -Strawberry","Minimum Retail Selling Price: ৳ 350","in stock","new","300 BDT","https://glamourstouch.com/product/26dc3f22-51f1-4bab-aada-955d22d888f6","https://fmcltrjnuvuooarkvufn.supabase.co/storage/v1/object/public/products/product-images/koba-26dc3f22-51f1-4bab-aada-955d22d888f6.jpg","Oriox","Health & Beauty > Personal Care > Cosmetics","https://m.me/1002146686323797?ref=26dc3f22-51f1-4bab-aada-955d22d888f6"
"7d44ee6b-9966-48be-8f47-68832184f1c0","Kerasys Hair Clinic Tea Tree Oil Shampoo 1L","Minimum Retail Selling Price: ৳ 3,000","in stock","new","3360 BDT","https://glamourstouch.com/product/7d44ee6b-9966-48be-8f47-68832184f1c0","https://fmcltrjnuvuooarkvufn.supabase.co/storage/v1/object/public/products/product-images/koba-7d44ee6b-9966-48be-8f47-68832184f1c0.jpg","Kerasys","Health & Beauty > Personal Care > Cosmetics","https://m.me/1002146686323797?ref=7d44ee6b-9966-48be-8f47-68832184f1c0"
"4afc291b-4a3b-4990-b5c6-b4a9ef3b1a88","Kerasys Damage Clinic Protein Shampoo 600 ml","Minimum Retail Selling Price: ৳ 1,850","in stock","new","2070 BDT","https://glamourstouch.com/product/4afc291b-4a3b-4990-b5c6-b4a9ef3b1a88","https://fmcltrjnuvuooarkvufn.supabase.co/storage/v1/object/public/products/product-images/koba-4afc291b-4a3b-4990-b5c6-b4a9ef3b1a88.jpg","Kerasys","Health & Beauty > Personal Care > Cosmetics","https://m.me/1002146686323797?ref=4afc291b-4a3b-4990-b5c6-b4a9ef3b1a88"
"0cf9cf56-516d-461d-813f-bffabe017d04","The Ordinary Glycolic Acid 7% Exfoliating Toner 240 ml","Minimum Retail Selling Price: ৳ 2,300","in stock","new","2710 BDT","https://glamourstouch.com/product/0cf9cf56-516d-461d-813f-bffabe017d04","https://fmcltrjnuvuooarkvufn.supabase.co/storage/v1/object/public/products/product-images/koba-0cf9cf56-516d-461d-813f-bffabe017d04.jpg","The Ordinary","Health & Beauty > Personal Care > Cosmetics","https://m.me/1002146686323797?ref=0cf9cf56-516d-461d-813f-bffabe017d04"
"9b6cbad6-1e1b-4c84-975b-13e371d1de2d","Kerasys Hair Clinic Argan Oil Shampoo 1L","Minimum Retail Selling Price: ৳ 3,000","in stock","new","3360 BDT","https://glamourstouch.com/product/9b6cbad6-1e1b-4c84-975b-13e371d1de2d","https://fmcltrjnuvuooarkvufn.supabase.co/storage/v1/object/public/products/product-images/koba-9b6cbad6-1e1b-4c84-975b-13e371d1de2d.jpg","Kerasys","Health & Beauty > Personal Care > Cosmetics","https://m.me/1002146686323797?ref=9b6cbad6-1e1b-4c84-975b-13e371d1de2d"
"649a424f-e568-47b8-a657-5d0bfb833cef","Kerasys Amino Acid & Protein Permanent Hair Color  NATURAL BLACK","Minimum Retail Selling Price: ৳ 950","in stock","new","1030 BDT","https://glamourstouch.com/product/649a424f-e568-47b8-a657-5d0bfb833cef","https://fmcltrjnuvuooarkvufn.supabase.co/storage/v1/object/public/products/product-images/koba-649a424f-e568-47b8-a657-5d0bfb833cef.jpg","Kerasys","Health & Beauty > Personal Care > Cosmetics","https://m.me/1002146686323797?ref=649a424f-e568-47b8-a657-5d0bfb833cef"
"ca82d3e6-2b0c-424c-8c57-fc3dcb39df9c","Kerasys Amino Acid & Protein Permanent Hair Color  NATURAL BROWN","Minimum Retail Selling Price: ৳ 950","in stock","new","1030 BDT","https://glamourstouch.com/product/ca82d3e6-2b0c-424c-8c57-fc3dcb39df9c","https://fmcltrjnuvuooarkvufn.supabase.co/storage/v1/object/public/products/product-images/koba-ca82d3e6-2b0c-424c-8c57-fc3dcb39df9c.jpg","Kerasys","Health & Beauty > Personal Care > Cosmetics","https://m.me/1002146686323797?ref=ca82d3e6-2b0c-424c-8c57-fc3dcb39df9c"
"c4b64c9f-b166-43d3-8c12-6c55381cd7b3","Kerasys Scalp Spa Shampoo Aqua Blue 180 ml","Minimum Retail Selling Price: ৳ 650","in stock","new","830 BDT","https://glamourstouch.com/product/c4b64c9f-b166-43d3-8c12-6c55381cd7b3","https://fmcltrjnuvuooarkvufn.supabase.co/storage/v1/object/public/products/product-images/koba-c4b64c9f-b166-43d3-8c12-6c55381cd7b3.jpg","Kerasys","Health & Beauty > Personal Care > Cosmetics","https://m.me/1002146686323797?ref=c4b64c9f-b166-43d3-8c12-6c55381cd7b3"
"0a88ec18-f2eb-401c-93ba-ff7d25b51905","Kerasys Scalp Clinic Protein Shampoo 600 ml","Minimum Retail Selling Price: ৳ 1,850","in stock","new","2070 BDT","https://glamourstouch.com/product/0a88ec18-f2eb-401c-93ba-ff7d25b51905","https://fmcltrjnuvuooarkvufn.supabase.co/storage/v1/object/public/products/product-images/koba-0a88ec18-f2eb-401c-93ba-ff7d25b51905.jpg","Kerasys","Health & Beauty > Personal Care > Cosmetics","https://m.me/1002146686323797?ref=0a88ec18-f2eb-401c-93ba-ff7d25b51905"
"bd238db2-aa37-49f7-b236-c4d0da477c6b","Nella White Snow Fermented Underarm Whitening Cream White Green Tea 50ml","Minimum Retail Selling Price: ৳ 1,080","in stock","new","1170 BDT","https://glamourstouch.com/product/bd238db2-aa37-49f7-b236-c4d0da477c6b","https://fmcltrjnuvuooarkvufn.supabase.co/storage/v1/object/public/products/product-images/koba-bd238db2-aa37-49f7-b236-c4d0da477c6b.jpg","Nella","Health & Beauty > Personal Care > Cosmetics","https://m.me/1002146686323797?ref=bd238db2-aa37-49f7-b236-c4d0da477c6b"
"b155a9cc-7720-4830-aec2-a7ddde559e84","Missha Glow Skin Balm 50 ml","Minimum Retail Selling Price: ৳ 1,680","in stock","new","1840 BDT","https://glamourstouch.com/product/b155a9cc-7720-4830-aec2-a7ddde559e84","https://fmcltrjnuvuooarkvufn.supabase.co/storage/v1/object/public/products/product-images/koba-b155a9cc-7720-4830-aec2-a7ddde559e84.jpg","Missha","Health & Beauty > Personal Care > Cosmetics","https://m.me/1002146686323797?ref=b155a9cc-7720-4830-aec2-a7ddde559e84"
"1306e6a9-3655-4e24-bbfe-aba955701e0d","Missha Vita C Plus Daily Toning Sheet Mask 30 pcs 350 ml","Minimum Retail Selling Price: ৳ 3,000","in stock","new","2790 BDT","https://glamourstouch.com/product/1306e6a9-3655-4e24-bbfe-aba955701e0d","https://fmcltrjnuvuooarkvufn.supabase.co/storage/v1/object/public/products/product-images/koba-1306e6a9-3655-4e24-bbfe-aba955701e0d.jpg","Missha","Health & Beauty > Personal Care > Cosmetics","https://m.me/1002146686323797?ref=1306e6a9-3655-4e24-bbfe-aba955701e0d"
"d801e5f4-9401-4e94-99b0-a1e7b195fa65","Anua Heartleaf Quercetinol Pore Deep Cleansing Foam","Anua Heartleaf Quercetinol Pore Deep Cleansing Foam","in stock","new","700 BDT","https://glamourstouch.com/product/d801e5f4-9401-4e94-99b0-a1e7b195fa65","https://fmcltrjnuvuooarkvufn.supabase.co/storage/v1/object/public/products/product-images/koba-d801e5f4-9401-4e94-99b0-a1e7b195fa65.jpg","Anua","Health & Beauty > Personal Care > Cosmetics","https://m.me/1002146686323797?ref=d801e5f4-9401-4e94-99b0-a1e7b195fa65"
"ed0849b7-d064-4013-97bb-cb8f78bceb61","Cosrx Advanced Snail Radiance Dual Essence 80 ml","Minimum Retail Selling Price: ৳ 2,350","in stock","new","2690 BDT","https://glamourstouch.com/product/ed0849b7-d064-4013-97bb-cb8f78bceb61","https://fmcltrjnuvuooarkvufn.supabase.co/storage/v1/object/public/products/product-images/koba-ed0849b7-d064-4013-97bb-cb8f78bceb61.jpg","Cosrx","Health & Beauty > Personal Care > Cosmetics","https://m.me/1002146686323797?ref=ed0849b7-d064-4013-97bb-cb8f78bceb61"
"50a30990-4dea-443a-ba9c-31526c75a4c7","Cosrx BHA Blackhead power Liquid  100 ml","Minimum Retail Selling Price: ৳ 1,580","in stock","new","1710 BDT","https://glamourstouch.com/product/50a30990-4dea-443a-ba9c-31526c75a4c7","https://fmcltrjnuvuooarkvufn.supabase.co/storage/v1/object/public/products/product-images/koba-50a30990-4dea-443a-ba9c-31526c75a4c7.jpg","Cosrx","Health & Beauty > Personal Care > Cosmetics","https://m.me/1002146686323797?ref=50a30990-4dea-443a-ba9c-31526c75a4c7"
"c334ef6a-6f03-460d-95e5-874d9a4372fa","Dabo Uv Protection Collagen Lifting Sun Cream  15 ml","Minimum Retail Selling Price: ৳250","in stock","new","230 BDT","https://glamourstouch.com/product/c334ef6a-6f03-460d-95e5-874d9a4372fa","https://fmcltrjnuvuooarkvufn.supabase.co/storage/v1/object/public/products/product-images/koba-c334ef6a-6f03-460d-95e5-874d9a4372fa.jpg","Dabo","Health & Beauty > Personal Care > Cosmetics","https://m.me/1002146686323797?ref=c334ef6a-6f03-460d-95e5-874d9a4372fa"
"529f6634-efec-497f-ba3f-42448ee0472b","Dr.Althea Vitamin C Boosting Serum 30 ml","Minimum Retail Selling Price: ৳1900","in stock","new","2040 BDT","https://glamourstouch.com/product/529f6634-efec-497f-ba3f-42448ee0472b","https://fmcltrjnuvuooarkvufn.supabase.co/storage/v1/object/public/products/product-images/koba-529f6634-efec-497f-ba3f-42448ee0472b.jpg","Dr.Althea","Health & Beauty > Personal Care > Cosmetics","https://m.me/1002146686323797?ref=529f6634-efec-497f-ba3f-42448ee0472b"
"d77e4b44-e5ce-42fa-a43a-ed812778dc30","3w Clinic Collagen Eye Cream 40 ml","Minimum Retail Selling Price: ৳400","in stock","new","400 BDT","https://glamourstouch.com/product/d77e4b44-e5ce-42fa-a43a-ed812778dc30","https://fmcltrjnuvuooarkvufn.supabase.co/storage/v1/object/public/products/product-images/koba-d77e4b44-e5ce-42fa-a43a-ed812778dc30.jpg","3w Clinic","Health & Beauty > Personal Care > Cosmetics","https://m.me/1002146686323797?ref=d77e4b44-e5ce-42fa-a43a-ed812778dc30"
"eaeb90fb-75ac-455b-ba8b-d5745be79a65","Cosrx Cica Creamy Foam Cleanser 150 ml","Minimum Retail Selling Price: ৳1300","in stock","new","1360 BDT","https://glamourstouch.com/product/eaeb90fb-75ac-455b-ba8b-d5745be79a65","https://fmcltrjnuvuooarkvufn.supabase.co/storage/v1/object/public/products/product-images/koba-eaeb90fb-75ac-455b-ba8b-d5745be79a65.jpg","Cosrx","Health & Beauty > Personal Care > Cosmetics","https://m.me/1002146686323797?ref=eaeb90fb-75ac-455b-ba8b-d5745be79a65"
"2cd26aca-dcb2-4498-aca3-2587c6570103","Anua Heartleaf 77% Soothing Toner  40 ml","Minimum Retail Selling Price: ৳ 750","in stock","new","860 BDT","https://glamourstouch.com/product/2cd26aca-dcb2-4498-aca3-2587c6570103","https://fmcltrjnuvuooarkvufn.supabase.co/storage/v1/object/public/products/product-images/koba-2cd26aca-dcb2-4498-aca3-2587c6570103.jpg","Anua","Health & Beauty > Personal Care > Cosmetics","https://m.me/1002146686323797?ref=2cd26aca-dcb2-4498-aca3-2587c6570103"
"3ab41e7e-a0a8-42f5-9969-a13218322096","3w Clinic Collagen & Luxury Goad Revitalizing Comfort Gold Essence  150 ml","Minimum Retail Selling Price: ৳1580","in stock","new","1710 BDT","https://glamourstouch.com/product/3ab41e7e-a0a8-42f5-9969-a13218322096","https://fmcltrjnuvuooarkvufn.supabase.co/storage/v1/object/public/products/product-images/koba-3ab41e7e-a0a8-42f5-9969-a13218322096.jpg","3w Clinic","Health & Beauty > Personal Care > Cosmetics","https://m.me/1002146686323797?ref=3ab41e7e-a0a8-42f5-9969-a13218322096"
"1144ae85-41c1-4b77-8af2-818d763c17f2","Lebelage Collagen No Sebum Foundation SPF50+ PA+++ 15 ml","Lebelage Collagen No Sebum Foundation SPF50+ PA+++ 15 ml","in stock","new","470 BDT","https://glamourstouch.com/product/1144ae85-41c1-4b77-8af2-818d763c17f2","https://fmcltrjnuvuooarkvufn.supabase.co/storage/v1/object/public/products/product-images/koba-1144ae85-41c1-4b77-8af2-818d763c17f2.jpg","Lebelage","Health & Beauty > Personal Care > Cosmetics","https://m.me/1002146686323797?ref=1144ae85-41c1-4b77-8af2-818d763c17f2"
"0b43f28b-33bf-4f83-b370-7e07810390f6","Anua Azelaic Acid 10 Hyaluron Redness Soothing Serum 30 ml","Minimum Retail Selling Price: ৳ 2,250","in stock","new","2400 BDT","https://glamourstouch.com/product/0b43f28b-33bf-4f83-b370-7e07810390f6","https://fmcltrjnuvuooarkvufn.supabase.co/storage/v1/object/public/products/product-images/koba-0b43f28b-33bf-4f83-b370-7e07810390f6.jpg","Anua","Health & Beauty > Personal Care > Cosmetics","https://m.me/1002146686323797?ref=0b43f28b-33bf-4f83-b370-7e07810390f6"
"9f47aee1-6d88-4345-a319-8a52a87b51cc","Anua Peach 70 Niacin Serum 30 ml","Minimum Retail Selling Price: ৳ 2,250","in stock","new","2640 BDT","https://glamourstouch.com/product/9f47aee1-6d88-4345-a319-8a52a87b51cc","https://fmcltrjnuvuooarkvufn.supabase.co/storage/v1/object/public/products/product-images/koba-9f47aee1-6d88-4345-a319-8a52a87b51cc.jpg","Anua","Health & Beauty > Personal Care > Cosmetics","https://m.me/1002146686323797?ref=9f47aee1-6d88-4345-a319-8a52a87b51cc"
"bb270e0a-9589-4428-aee6-8e3ee94c571c","Phytotree Cactus Soothing Sun Gel SPF 50+ PA+++ 100 ml","Minimum Retail Selling Price: ৳1250","in stock","new","1210 BDT","https://glamourstouch.com/product/bb270e0a-9589-4428-aee6-8e3ee94c571c","https://fmcltrjnuvuooarkvufn.supabase.co/storage/v1/object/public/products/product-images/koba-bb270e0a-9589-4428-aee6-8e3ee94c571c.jpg","Phytotree","Health & Beauty > Personal Care > Cosmetics","https://m.me/1002146686323797?ref=bb270e0a-9589-4428-aee6-8e3ee94c571c"
"60e14bf3-2a42-4e9c-a445-05aa37227ddb","Christian Dean 24K Gold & Snail Luxury Cream 50 ml","Minimum Retail Selling Price: ৳ 1,300","in stock","new","1190 BDT","https://glamourstouch.com/product/60e14bf3-2a42-4e9c-a445-05aa37227ddb","https://fmcltrjnuvuooarkvufn.supabase.co/storage/v1/object/public/products/product-images/koba-60e14bf3-2a42-4e9c-a445-05aa37227ddb.jpg","Christian","Health & Beauty > Personal Care > Cosmetics","https://m.me/1002146686323797?ref=60e14bf3-2a42-4e9c-a445-05aa37227ddb"
"e41305fc-473e-4c7c-8759-894133ec89b6","SKIN1004 Madagascar Centella Tone Brightening Capsule Ampoule 30 ml","Minimum Retail Selling Price: ৳ 880","in stock","new","970 BDT","https://glamourstouch.com/product/e41305fc-473e-4c7c-8759-894133ec89b6","https://fmcltrjnuvuooarkvufn.supabase.co/storage/v1/object/public/products/product-images/koba-e41305fc-473e-4c7c-8759-894133ec89b6.jpg","SKIN1004","Health & Beauty > Personal Care > Cosmetics","https://m.me/1002146686323797?ref=e41305fc-473e-4c7c-8759-894133ec89b6"
"5e831ff7-fb7a-459b-888f-2bce72d2436b","Cosrx All About Snail Kit","Minimum Retail Selling Price: ৳ 2,100","in stock","new","2400 BDT","https://glamourstouch.com/product/5e831ff7-fb7a-459b-888f-2bce72d2436b","https://fmcltrjnuvuooarkvufn.supabase.co/storage/v1/object/public/products/product-images/koba-5e831ff7-fb7a-459b-888f-2bce72d2436b.jpg","Cosrx","Health & Beauty > Personal Care > Cosmetics","https://m.me/1002146686323797?ref=5e831ff7-fb7a-459b-888f-2bce72d2436b"
"5f075bd7-06f9-4139-a3e4-705dcbc59938","Kerasys Black Bean Oil Shampoo 1 L","Minimum Retail Selling Price: ৳ 3000","in stock","new","3360 BDT","https://glamourstouch.com/product/5f075bd7-06f9-4139-a3e4-705dcbc59938","https://fmcltrjnuvuooarkvufn.supabase.co/storage/v1/object/public/products/product-images/koba-5f075bd7-06f9-4139-a3e4-705dcbc59938.jpg","Kerasys","Health & Beauty > Personal Care > Cosmetics","https://m.me/1002146686323797?ref=5f075bd7-06f9-4139-a3e4-705dcbc59938"
"39919f91-3460-4f99-b093-001841d4a282","Some By Mi Propolis B5 Glow Barrier Calming Starter Kit","Minimum Retail Selling Price: ৳ 1,500","in stock","new","1540 BDT","https://glamourstouch.com/product/39919f91-3460-4f99-b093-001841d4a282","https://fmcltrjnuvuooarkvufn.supabase.co/storage/v1/object/public/products/product-images/koba-39919f91-3460-4f99-b093-001841d4a282.jpg","Some By Mi","Health & Beauty > Personal Care > Cosmetics","https://m.me/1002146686323797?ref=39919f91-3460-4f99-b093-001841d4a282"
"38352e39-4199-4882-bc8d-2d2499d287c7","Ekel Whitening UV Sun Block SPF 50+/PA+++ 70 ml","Minimum Retail Selling Price: ৳ 600","in stock","new","640 BDT","https://glamourstouch.com/product/38352e39-4199-4882-bc8d-2d2499d287c7","https://fmcltrjnuvuooarkvufn.supabase.co/storage/v1/object/public/products/product-images/koba-38352e39-4199-4882-bc8d-2d2499d287c7.jpg","Ekel","Health & Beauty > Personal Care > Cosmetics","https://m.me/1002146686323797?ref=38352e39-4199-4882-bc8d-2d2499d287c7"
"42d0e621-5f98-4294-af58-a2551501d7bc","Dabo Glow Tok Collagen Tone Up Sun Serum Spf 50+ 30 ml","Minimum Retail Selling Price: ৳ 1,200","in stock","new","1070 BDT","https://glamourstouch.com/product/42d0e621-5f98-4294-af58-a2551501d7bc","https://fmcltrjnuvuooarkvufn.supabase.co/storage/v1/object/public/products/product-images/koba-42d0e621-5f98-4294-af58-a2551501d7bc.jpg","Dabo","Health & Beauty > Personal Care > Cosmetics","https://m.me/1002146686323797?ref=42d0e621-5f98-4294-af58-a2551501d7bc"
"14894641-814d-45c5-981c-2fa42e06810e","Dabo Glow Tok Azulene Tone Up Sun Serum SPF 50+ PA++++ 30 ml","Minimum Retail Selling Price: ৳ 1,200","in stock","new","1070 BDT","https://glamourstouch.com/product/14894641-814d-45c5-981c-2fa42e06810e","https://fmcltrjnuvuooarkvufn.supabase.co/storage/v1/object/public/products/product-images/koba-14894641-814d-45c5-981c-2fa42e06810e.jpg","Dabo","Health & Beauty > Personal Care > Cosmetics","https://m.me/1002146686323797?ref=14894641-814d-45c5-981c-2fa42e06810e"
"4a30b18f-8636-4505-912b-f2c843e5b941","Korea Red Ginseng Aqua Wrinkle & Whitening Cream 50 ml","Minimum Retail Selling Price: ৳ 1,350","in stock","new","1360 BDT","https://glamourstouch.com/product/4a30b18f-8636-4505-912b-f2c843e5b941","https://fmcltrjnuvuooarkvufn.supabase.co/storage/v1/object/public/products/product-images/koba-4a30b18f-8636-4505-912b-f2c843e5b941.jpg","Korea","Health & Beauty > Personal Care > Cosmetics","https://m.me/1002146686323797?ref=4a30b18f-8636-4505-912b-f2c843e5b941"
"6c6c6f52-082d-4361-aee0-dcd3ff5e9e94","Gold My Jin Korea Red Ginseng Foam Cleansing 130 ml","Minimum Retail Selling Price: ৳ 750","in stock","new","860 BDT","https://glamourstouch.com/product/6c6c6f52-082d-4361-aee0-dcd3ff5e9e94","https://fmcltrjnuvuooarkvufn.supabase.co/storage/v1/object/public/products/product-images/koba-6c6c6f52-082d-4361-aee0-dcd3ff5e9e94.jpg","Gold","Health & Beauty > Personal Care > Cosmetics","https://m.me/1002146686323797?ref=6c6c6f52-082d-4361-aee0-dcd3ff5e9e94"
"d21b076f-2d6c-40e2-93fa-484a8873eb50","Dabo Vita Radian-C Biome 3X Vitamin Aux Super Collagen+ Brightening Eye Cream 40 ml","Minimum Retail Selling Price: ৳ 900","in stock","new","710 BDT","https://glamourstouch.com/product/d21b076f-2d6c-40e2-93fa-484a8873eb50","https://fmcltrjnuvuooarkvufn.supabase.co/storage/v1/object/public/products/product-images/koba-d21b076f-2d6c-40e2-93fa-484a8873eb50.jpg","Dabo","Health & Beauty > Personal Care > Cosmetics","https://m.me/1002146686323797?ref=d21b076f-2d6c-40e2-93fa-484a8873eb50"
"16208d37-8ece-4c10-9814-73381bbc0f85","Green Finger Panthedin Derma Lotion 230 ml","Minimum Retail Selling Price: ৳ 1,650","in stock","new","1830 BDT","https://glamourstouch.com/product/16208d37-8ece-4c10-9814-73381bbc0f85","https://fmcltrjnuvuooarkvufn.supabase.co/storage/v1/object/public/products/product-images/koba-16208d37-8ece-4c10-9814-73381bbc0f85.jpg","Green","Health & Beauty > Personal Care > Cosmetics","https://m.me/1002146686323797?ref=16208d37-8ece-4c10-9814-73381bbc0f85"
"fe9b8f94-1cdb-4cc5-ab92-77bef26cab93","Beaute Glutathione Brightening Tone Up Cream 45 ml","Minimum Retail Selling Price: ৳ 850","in stock","new","790 BDT","https://glamourstouch.com/product/fe9b8f94-1cdb-4cc5-ab92-77bef26cab93","https://fmcltrjnuvuooarkvufn.supabase.co/storage/v1/object/public/products/product-images/koba-fe9b8f94-1cdb-4cc5-ab92-77bef26cab93.jpg","Beaute","Health & Beauty > Personal Care > Cosmetics","https://m.me/1002146686323797?ref=fe9b8f94-1cdb-4cc5-ab92-77bef26cab93"
"a910cbf1-b85d-48ae-bcf5-42e2b88a0351","Cosrx Acne + Pimple Master Patch","Minimum Retail Selling Price: ৳ 380","in stock","new","360 BDT","https://glamourstouch.com/product/a910cbf1-b85d-48ae-bcf5-42e2b88a0351","https://fmcltrjnuvuooarkvufn.supabase.co/storage/v1/object/public/products/product-images/koba-a910cbf1-b85d-48ae-bcf5-42e2b88a0351.jpg","Cosrx","Health & Beauty > Personal Care > Cosmetics","https://m.me/1002146686323797?ref=a910cbf1-b85d-48ae-bcf5-42e2b88a0351"
"97afd953-67f2-4739-95c2-a2b5a8a10b99","Iunik Centella Calming Gel Cream 60 ml","Minimum Retail Selling Price: ৳ 1,200","in stock","new","1390 BDT","https://glamourstouch.com/product/97afd953-67f2-4739-95c2-a2b5a8a10b99","https://fmcltrjnuvuooarkvufn.supabase.co/storage/v1/object/public/products/product-images/koba-97afd953-67f2-4739-95c2-a2b5a8a10b99.jpg","Iunik","Health & Beauty > Personal Care > Cosmetics","https://m.me/1002146686323797?ref=97afd953-67f2-4739-95c2-a2b5a8a10b99"
"cbf4e637-3e93-4aca-88d7-9b75888a53d2","Cosrx AHA/BHA Clarifying Treatment Toner 30 ml","Minimum Retail Selling Price: ৳ 480","in stock","new","600 BDT","https://glamourstouch.com/product/cbf4e637-3e93-4aca-88d7-9b75888a53d2","https://fmcltrjnuvuooarkvufn.supabase.co/storage/v1/object/public/products/product-images/koba-cbf4e637-3e93-4aca-88d7-9b75888a53d2.jpg","Cosrx","Health & Beauty > Personal Care > Cosmetics","https://m.me/1002146686323797?ref=cbf4e637-3e93-4aca-88d7-9b75888a53d2"
"c8b19764-9cbf-4980-a424-6fae59b144fe","Cosrx Low pH Good Morning Gel Cleanser 20 ml","Minimum Retail Selling Price: ৳ 290 Expire Date. 10.2025","in stock","new","310 BDT","https://glamourstouch.com/product/c8b19764-9cbf-4980-a424-6fae59b144fe","https://fmcltrjnuvuooarkvufn.supabase.co/storage/v1/object/public/products/product-images/koba-c8b19764-9cbf-4980-a424-6fae59b144fe.png","Cosrx","Health & Beauty > Personal Care > Cosmetics","https://m.me/1002146686323797?ref=c8b19764-9cbf-4980-a424-6fae59b144fe"
"d234f3bd-06c1-47f2-9659-54b4f5f45391","Cosrx Low pH Good Morning Gel Cleanser 150 ml","Minimum Retail Selling Price: ৳ 1000","in stock","new","1210 BDT","https://glamourstouch.com/product/d234f3bd-06c1-47f2-9659-54b4f5f45391","https://fmcltrjnuvuooarkvufn.supabase.co/storage/v1/object/public/products/product-images/koba-d234f3bd-06c1-47f2-9659-54b4f5f45391.jpg","Cosrx","Health & Beauty > Personal Care > Cosmetics","https://m.me/1002146686323797?ref=d234f3bd-06c1-47f2-9659-54b4f5f45391"
"a21bd671-6c88-480f-972c-8e1e222aeb50","Cosrx Advanced Snail 92 All In One Cream 50 g","Minimum Retail Selling Price: ৳ 900","in stock","new","1060 BDT","https://glamourstouch.com/product/a21bd671-6c88-480f-972c-8e1e222aeb50","https://fmcltrjnuvuooarkvufn.supabase.co/storage/v1/object/public/products/product-images/koba-a21bd671-6c88-480f-972c-8e1e222aeb50.jpg","Cosrx","Health & Beauty > Personal Care > Cosmetics","https://m.me/1002146686323797?ref=a21bd671-6c88-480f-972c-8e1e222aeb50"
"36a4606e-7adc-4d37-bfa4-ee45b838f6be","Some By Mi Snail Truecica Miracle Repair Starter Kit","Minimum Retail Selling Price: ৳ 1,500","in stock","new","1540 BDT","https://glamourstouch.com/product/36a4606e-7adc-4d37-bfa4-ee45b838f6be","https://fmcltrjnuvuooarkvufn.supabase.co/storage/v1/object/public/products/product-images/koba-36a4606e-7adc-4d37-bfa4-ee45b838f6be.jpg","Some By Mi","Health & Beauty > Personal Care > Cosmetics","https://m.me/1002146686323797?ref=36a4606e-7adc-4d37-bfa4-ee45b838f6be"
"19aa2434-085d-4933-9e68-9488ed0b12e0","Dabo White Sun Stick Uv Essence Aqua 20 g","Minimum Retail Selling Price: ৳ 1,080","in stock","new","1040 BDT","https://glamourstouch.com/product/19aa2434-085d-4933-9e68-9488ed0b12e0","https://fmcltrjnuvuooarkvufn.supabase.co/storage/v1/object/public/products/product-images/koba-19aa2434-085d-4933-9e68-9488ed0b12e0.jpg","Dabo","Health & Beauty > Personal Care > Cosmetics","https://m.me/1002146686323797?ref=19aa2434-085d-4933-9e68-9488ed0b12e0"
"a4699b01-cba6-4f63-9cb1-094aa2618bdf","Anua Airy Sun Cream SPF50+PA++++ 50 ml","Minimum Retail Selling Price: ৳ 1,700","in stock","new","1970 BDT","https://glamourstouch.com/product/a4699b01-cba6-4f63-9cb1-094aa2618bdf","https://fmcltrjnuvuooarkvufn.supabase.co/storage/v1/object/public/products/product-images/koba-a4699b01-cba6-4f63-9cb1-094aa2618bdf.jpg","Anua","Health & Beauty > Personal Care > Cosmetics","https://m.me/1002146686323797?ref=a4699b01-cba6-4f63-9cb1-094aa2618bdf"
"df9b1c78-ce93-406e-8f69-d0436a9a7d49","Cosrx Oil-Free Ultra-Moisturizing Lotion with birch sap 100 ml","Minimum Retail Selling Price: ৳ 1,450","in stock","new","1830 BDT","https://glamourstouch.com/product/df9b1c78-ce93-406e-8f69-d0436a9a7d49","https://fmcltrjnuvuooarkvufn.supabase.co/storage/v1/object/public/products/product-images/koba-df9b1c78-ce93-406e-8f69-d0436a9a7d49.png","Cosrx","Health & Beauty > Personal Care > Cosmetics","https://m.me/1002146686323797?ref=df9b1c78-ce93-406e-8f69-d0436a9a7d49"
"5770d3a2-a626-4b8e-aed6-d5a5f688c0e7","AXIS-Y Vegan Collagen Eye Serum  10 ml","Minimum Retail Selling Price: ৳ 1,750","in stock","new","1540 BDT","https://glamourstouch.com/product/5770d3a2-a626-4b8e-aed6-d5a5f688c0e7","https://fmcltrjnuvuooarkvufn.supabase.co/storage/v1/object/public/products/product-images/koba-5770d3a2-a626-4b8e-aed6-d5a5f688c0e7.jpg","AXIS-Y","Health & Beauty > Personal Care > Cosmetics","https://m.me/1002146686323797?ref=5770d3a2-a626-4b8e-aed6-d5a5f688c0e7"
"1e71c8a4-0f14-4152-a7a9-c10500d4d00e","Dabo Skin Relief Hand Cream  Shea Butter 75 ml","Minimum Retail Selling Price: ৳ 400","in stock","new","430 BDT","https://glamourstouch.com/product/1e71c8a4-0f14-4152-a7a9-c10500d4d00e","https://fmcltrjnuvuooarkvufn.supabase.co/storage/v1/object/public/products/product-images/koba-1e71c8a4-0f14-4152-a7a9-c10500d4d00e.jpg","Dabo","Health & Beauty > Personal Care > Cosmetics","https://m.me/1002146686323797?ref=1e71c8a4-0f14-4152-a7a9-c10500d4d00e"
"982a1929-3d1d-447e-868c-8215f882bbcd","Dabo All In One Black Snail Foam Cleanser 120 ml","Minimum Retail Selling Price: ৳ 850","in stock","new","790 BDT","https://glamourstouch.com/product/982a1929-3d1d-447e-868c-8215f882bbcd","https://fmcltrjnuvuooarkvufn.supabase.co/storage/v1/object/public/products/product-images/koba-982a1929-3d1d-447e-868c-8215f882bbcd.jpg","Dabo","Health & Beauty > Personal Care > Cosmetics","https://m.me/1002146686323797?ref=982a1929-3d1d-447e-868c-8215f882bbcd"
"c5af2d71-cc18-40da-9f90-89b7f6bf9c06","Jigott Natural Black Snail Moisture Soothing Gel  300 ml","Minimum Retail Selling Price: ৳ 950","in stock","new","1100 BDT","https://glamourstouch.com/product/c5af2d71-cc18-40da-9f90-89b7f6bf9c06","https://fmcltrjnuvuooarkvufn.supabase.co/storage/v1/object/public/products/product-images/koba-c5af2d71-cc18-40da-9f90-89b7f6bf9c06.jpg","Jigott","Health & Beauty > Personal Care > Cosmetics","https://m.me/1002146686323797?ref=c5af2d71-cc18-40da-9f90-89b7f6bf9c06"
"2f2a9866-c54d-426a-b375-827c01acce22","Oriox Color Lip Balm 4.8g  Sun Protection","Minimum Retail Selling Price: ৳ 350","in stock","new","300 BDT","https://glamourstouch.com/product/2f2a9866-c54d-426a-b375-827c01acce22","https://fmcltrjnuvuooarkvufn.supabase.co/storage/v1/object/public/products/product-images/koba-2f2a9866-c54d-426a-b375-827c01acce22.jpg","Oriox","Health & Beauty > Personal Care > Cosmetics","https://m.me/1002146686323797?ref=2f2a9866-c54d-426a-b375-827c01acce22"
"cd165042-33cb-4f19-9207-668df20bd07e","Oriox Color Lip Balm 4.8g -peach","Minimum Retail Selling Price: ৳ 350","in stock","new","300 BDT","https://glamourstouch.com/product/cd165042-33cb-4f19-9207-668df20bd07e","https://fmcltrjnuvuooarkvufn.supabase.co/storage/v1/object/public/products/product-images/koba-cd165042-33cb-4f19-9207-668df20bd07e.jpg","Oriox","Health & Beauty > Personal Care > Cosmetics","https://m.me/1002146686323797?ref=cd165042-33cb-4f19-9207-668df20bd07e"
"2377990c-86ae-45c6-b973-f2551a1289fa","Dabo T-Tree Cica Calming Ampoule 50 ml","Minimum Retail Selling Price: ৳ 1,200","in stock","new","1210 BDT","https://glamourstouch.com/product/2377990c-86ae-45c6-b973-f2551a1289fa","https://fmcltrjnuvuooarkvufn.supabase.co/storage/v1/object/public/products/product-images/koba-2377990c-86ae-45c6-b973-f2551a1289fa.jpg","Dabo","Health & Beauty > Personal Care > Cosmetics","https://m.me/1002146686323797?ref=2377990c-86ae-45c6-b973-f2551a1289fa"
"6da3648b-e55c-4793-814c-8f42a37c4c43","Dabo Speed Whitening Ex Toner 160 ml","Minimum Retail Selling Price: ৳ 1,200","in stock","new","1400 BDT","https://glamourstouch.com/product/6da3648b-e55c-4793-814c-8f42a37c4c43","https://fmcltrjnuvuooarkvufn.supabase.co/storage/v1/object/public/products/product-images/koba-6da3648b-e55c-4793-814c-8f42a37c4c43.jpg","Dabo","Health & Beauty > Personal Care > Cosmetics","https://m.me/1002146686323797?ref=6da3648b-e55c-4793-814c-8f42a37c4c43"
"19a3927a-24a8-4aee-a3c8-20db878109b7","Dabo Speed Whitening Ex Tone-Up Cream 50 ml","Minimum Retail Selling Price: ৳ 1,150","in stock","new","1110 BDT","https://glamourstouch.com/product/19a3927a-24a8-4aee-a3c8-20db878109b7","https://fmcltrjnuvuooarkvufn.supabase.co/storage/v1/object/public/products/product-images/koba-19a3927a-24a8-4aee-a3c8-20db878109b7.jpg","Dabo","Health & Beauty > Personal Care > Cosmetics","https://m.me/1002146686323797?ref=19a3927a-24a8-4aee-a3c8-20db878109b7"
"56f3ee93-6c03-4269-8251-c106e6ebe3ac","Dabo Speed Whitening Ex Emulsion 160 ml","Minimum Retail Selling Price: ৳ 1,200","in stock","new","1400 BDT","https://glamourstouch.com/product/56f3ee93-6c03-4269-8251-c106e6ebe3ac","https://fmcltrjnuvuooarkvufn.supabase.co/storage/v1/object/public/products/product-images/koba-56f3ee93-6c03-4269-8251-c106e6ebe3ac.jpg","Dabo","Health & Beauty > Personal Care > Cosmetics","https://m.me/1002146686323797?ref=56f3ee93-6c03-4269-8251-c106e6ebe3ac"
"13610df4-58fe-4239-a751-b7c86b05ab66","Innisfree No-Sebum Mineral Powder 5g","Minimum Retail Selling Price: ৳ 950","in stock","new","1000 BDT","https://glamourstouch.com/product/13610df4-58fe-4239-a751-b7c86b05ab66","https://fmcltrjnuvuooarkvufn.supabase.co/storage/v1/object/public/products/product-images/koba-13610df4-58fe-4239-a751-b7c86b05ab66.jpg","Innisfree","Health & Beauty > Personal Care > Cosmetics","https://m.me/1002146686323797?ref=13610df4-58fe-4239-a751-b7c86b05ab66"
"693c9fc5-a088-4103-aab9-7606d829edf3","Innisfree Green Tea Amino Hydrating Cleansing Foam 150g","Minimum Retail Selling Price: ৳ 1,150","in stock","new","1360 BDT","https://glamourstouch.com/product/693c9fc5-a088-4103-aab9-7606d829edf3","https://fmcltrjnuvuooarkvufn.supabase.co/storage/v1/object/public/products/product-images/koba-693c9fc5-a088-4103-aab9-7606d829edf3.jpg","Innisfree","Health & Beauty > Personal Care > Cosmetics","https://m.me/1002146686323797?ref=693c9fc5-a088-4103-aab9-7606d829edf3"
"4a91cd54-2257-47c5-94d3-53d638fc5fc5","Innisfree Tone Up No Sebum Sunscreen Ex Spf50++ 60 ml","Minimum Retail Selling Price: ৳ 1,650","in stock","new","1860 BDT","https://glamourstouch.com/product/4a91cd54-2257-47c5-94d3-53d638fc5fc5","https://fmcltrjnuvuooarkvufn.supabase.co/storage/v1/object/public/products/product-images/koba-4a91cd54-2257-47c5-94d3-53d638fc5fc5.jpg","Innisfree","Health & Beauty > Personal Care > Cosmetics","https://m.me/1002146686323797?ref=4a91cd54-2257-47c5-94d3-53d638fc5fc5"
"57fbc7a0-a7b3-4feb-8c16-283ed830a922","Dabo Collagen Lifting Skin Care Set","Minimum Retail Selling Price: ৳ 3,500","in stock","new","3790 BDT","https://glamourstouch.com/product/57fbc7a0-a7b3-4feb-8c16-283ed830a922","https://fmcltrjnuvuooarkvufn.supabase.co/storage/v1/object/public/products/product-images/koba-57fbc7a0-a7b3-4feb-8c16-283ed830a922.jpg","Dabo","Health & Beauty > Personal Care > Cosmetics","https://m.me/1002146686323797?ref=57fbc7a0-a7b3-4feb-8c16-283ed830a922"
"1c1a5e94-f569-44c3-b708-eb487b91441d","Innisfree Super Volcanic Pore Clay Mask 100 ml","Minimum Retail Selling Price: ৳ 1,750","in stock","new","1930 BDT","https://glamourstouch.com/product/1c1a5e94-f569-44c3-b708-eb487b91441d","https://fmcltrjnuvuooarkvufn.supabase.co/storage/v1/object/public/products/product-images/koba-1c1a5e94-f569-44c3-b708-eb487b91441d.jpg","Innisfree","Health & Beauty > Personal Care > Cosmetics","https://m.me/1002146686323797?ref=1c1a5e94-f569-44c3-b708-eb487b91441d"
"62dde7a4-d5ef-4586-a6a6-c35fa4a69cf1","Innisfree Cherry Blossom Glow Tone-Up Cream 50 ml","Minimum Retail Selling Price: ৳ 1,650","in stock","new","1830 BDT","https://glamourstouch.com/product/62dde7a4-d5ef-4586-a6a6-c35fa4a69cf1","https://fmcltrjnuvuooarkvufn.supabase.co/storage/v1/object/public/products/product-images/koba-62dde7a4-d5ef-4586-a6a6-c35fa4a69cf1.jpg","Innisfree","Health & Beauty > Personal Care > Cosmetics","https://m.me/1002146686323797?ref=62dde7a4-d5ef-4586-a6a6-c35fa4a69cf1"
"b410b9af-07ab-4233-ae89-9742399b9b86","Illiyoon Mild Easy-Wash Sun Cream Spf 50+ PA++++ 30 ml","Minimum Retail Selling Price: ৳ 650","in stock","new","690 BDT","https://glamourstouch.com/product/b410b9af-07ab-4233-ae89-9742399b9b86","https://fmcltrjnuvuooarkvufn.supabase.co/storage/v1/object/public/products/product-images/koba-b410b9af-07ab-4233-ae89-9742399b9b86.jpg","Illiyoon","Health & Beauty > Personal Care > Cosmetics","https://m.me/1002146686323797?ref=b410b9af-07ab-4233-ae89-9742399b9b86"
"7478663c-fa0e-4f6d-a680-bdc53b61545d","I’m from Rice toner 30 ml","Minimum Retail Selling Price: ৳ 850","in stock","new","820 BDT","https://glamourstouch.com/product/7478663c-fa0e-4f6d-a680-bdc53b61545d","https://fmcltrjnuvuooarkvufn.supabase.co/storage/v1/object/public/products/product-images/koba-7478663c-fa0e-4f6d-a680-bdc53b61545d.jpg","I’m","Health & Beauty > Personal Care > Cosmetics","https://m.me/1002146686323797?ref=7478663c-fa0e-4f6d-a680-bdc53b61545d"
"927e1bd3-32f2-4ae3-aa2b-0b304717afa5","Banila Co Clean It Zero Pore Clarifying Cleansing Balm 100 ml","Minimum Retail Selling Price: ৳ 1800","in stock","new","2130 BDT","https://glamourstouch.com/product/927e1bd3-32f2-4ae3-aa2b-0b304717afa5","https://fmcltrjnuvuooarkvufn.supabase.co/storage/v1/object/public/products/product-images/koba-927e1bd3-32f2-4ae3-aa2b-0b304717afa5.jpg","Banila","Health & Beauty > Personal Care > Cosmetics","https://m.me/1002146686323797?ref=927e1bd3-32f2-4ae3-aa2b-0b304717afa5"
"337f7f82-6f9b-441f-8646-f7ec9aa909d4","Tonymoly Shea Butter Chok Chok Foam Cleanser 250 ml","Minimum Retail Selling Price: ৳ 1300","in stock","new","1540 BDT","https://glamourstouch.com/product/337f7f82-6f9b-441f-8646-f7ec9aa909d4","https://fmcltrjnuvuooarkvufn.supabase.co/storage/v1/object/public/products/product-images/koba-337f7f82-6f9b-441f-8646-f7ec9aa909d4.jpg","Tonymoly","Health & Beauty > Personal Care > Cosmetics","https://m.me/1002146686323797?ref=337f7f82-6f9b-441f-8646-f7ec9aa909d4"
"001c6040-8da2-488a-84b4-71af397b2489","Dabo Baby Powder Perfume Shampoo 500 ml","Minimum Retail Selling Price: ৳ 1,600","in stock","new","1860 BDT","https://glamourstouch.com/product/001c6040-8da2-488a-84b4-71af397b2489","https://fmcltrjnuvuooarkvufn.supabase.co/storage/v1/object/public/products/product-images/koba-001c6040-8da2-488a-84b4-71af397b2489.jpg","Dabo","Health & Beauty > Personal Care > Cosmetics","https://m.me/1002146686323797?ref=001c6040-8da2-488a-84b4-71af397b2489"
"2a181645-cdb4-4780-b957-a9c769635fce","MEDIFLOWER Grain Facial Cleansing Foam 150 ml","Minimum Retail Selling Price: ৳ 1100","in stock","new","1070 BDT","https://glamourstouch.com/product/2a181645-cdb4-4780-b957-a9c769635fce","https://fmcltrjnuvuooarkvufn.supabase.co/storage/v1/object/public/products/product-images/koba-2a181645-cdb4-4780-b957-a9c769635fce.jpg","MEDIFLOWER","Health & Beauty > Personal Care > Cosmetics","https://m.me/1002146686323797?ref=2a181645-cdb4-4780-b957-a9c769635fce"
"deac0877-ae0f-408b-9aa4-4faa56aa87e2","PURITO Mighty Bamboo Panthenol Cleanser 150 ml","Minimum Retail Selling Price: ৳ 1,300","in stock","new","1600 BDT","https://glamourstouch.com/product/deac0877-ae0f-408b-9aa4-4faa56aa87e2","https://fmcltrjnuvuooarkvufn.supabase.co/storage/v1/object/public/products/product-images/koba-deac0877-ae0f-408b-9aa4-4faa56aa87e2.jpg","PURITO","Health & Beauty > Personal Care > Cosmetics","https://m.me/1002146686323797?ref=deac0877-ae0f-408b-9aa4-4faa56aa87e2"
"523f5422-6986-4270-9c7d-094dd3f8ff43","Green Finger Chokchok Natural Moisturizing Baby Shampoo 320 ml","Minimum Retail Selling Price: ৳ 1,650","in stock","new","1830 BDT","https://glamourstouch.com/product/523f5422-6986-4270-9c7d-094dd3f8ff43","https://fmcltrjnuvuooarkvufn.supabase.co/storage/v1/object/public/products/product-images/koba-523f5422-6986-4270-9c7d-094dd3f8ff43.jpg","Green","Health & Beauty > Personal Care > Cosmetics","https://m.me/1002146686323797?ref=523f5422-6986-4270-9c7d-094dd3f8ff43"
"2084fbf2-2e7c-4d7b-af6f-ba51e7a42d43","Dabo Avocado Vital Rich Soothing Gel 300g","Minimum Retail Selling Price: ৳ 980","in stock","new","1070 BDT","https://glamourstouch.com/product/2084fbf2-2e7c-4d7b-af6f-ba51e7a42d43","https://fmcltrjnuvuooarkvufn.supabase.co/storage/v1/object/public/products/product-images/koba-2084fbf2-2e7c-4d7b-af6f-ba51e7a42d43.jpg","Dabo","Health & Beauty > Personal Care > Cosmetics","https://m.me/1002146686323797?ref=2084fbf2-2e7c-4d7b-af6f-ba51e7a42d43"
"b2e996ee-6a40-43c7-bb43-e894982c5382","Dabo Aloe Vera Boosting Ampoule Cream 100ml","Minimum Retail Selling Price: ৳ 1,150","in stock","new","1170 BDT","https://glamourstouch.com/product/b2e996ee-6a40-43c7-bb43-e894982c5382","https://fmcltrjnuvuooarkvufn.supabase.co/storage/v1/object/public/products/product-images/koba-b2e996ee-6a40-43c7-bb43-e894982c5382.jpg","Dabo","Health & Beauty > Personal Care > Cosmetics","https://m.me/1002146686323797?ref=b2e996ee-6a40-43c7-bb43-e894982c5382"
"8cef985f-1384-4cd3-ab6c-23f974457cb8","Dabo 30 Days Peptanol B5 Hydra Volume Base Toner 300 ml","Minimum Retail Selling Price: ৳ 1,450","in stock","new","1510 BDT","https://glamourstouch.com/product/8cef985f-1384-4cd3-ab6c-23f974457cb8","https://fmcltrjnuvuooarkvufn.supabase.co/storage/v1/object/public/products/product-images/koba-8cef985f-1384-4cd3-ab6c-23f974457cb8.jpg","Dabo","Health & Beauty > Personal Care > Cosmetics","https://m.me/1002146686323797?ref=8cef985f-1384-4cd3-ab6c-23f974457cb8"
"da25baf7-c9bf-42d2-806e-1594184dd3ef","The Face Shop Rice Water Bright Foaming Cleanser  300 ml","Version: 50 ml Version: 100 ml Version: 150 ml Version: 300 ml","in stock","new","1680 BDT","https://glamourstouch.com/product/da25baf7-c9bf-42d2-806e-1594184dd3ef","https://fmcltrjnuvuooarkvufn.supabase.co/storage/v1/object/public/products/product-images/koba-da25baf7-c9bf-42d2-806e-1594184dd3ef.jpg","The Face Shop","Health & Beauty > Personal Care > Cosmetics","https://m.me/1002146686323797?ref=da25baf7-c9bf-42d2-806e-1594184dd3ef"
"b97299ea-1bbe-4c8a-9521-f732737631b0","3W Clinic Collagen Cleansing Foam 100 ml","Minimum Retail Selling Price: ৳ 500","in stock","new","560 BDT","https://glamourstouch.com/product/b97299ea-1bbe-4c8a-9521-f732737631b0","https://fmcltrjnuvuooarkvufn.supabase.co/storage/v1/object/public/products/product-images/koba-b97299ea-1bbe-4c8a-9521-f732737631b0.jpg","3w Clinic","Health & Beauty > Personal Care > Cosmetics","https://m.me/1002146686323797?ref=b97299ea-1bbe-4c8a-9521-f732737631b0"
"13f6d6bf-8987-4d1e-8360-5eed63f4fac0","Aplb Retinol Vitamin C Vitamin E Facial Cream 55 ml","Minimum Retail Selling Price: 1,050","in stock","new","1070 BDT","https://glamourstouch.com/product/13f6d6bf-8987-4d1e-8360-5eed63f4fac0","https://fmcltrjnuvuooarkvufn.supabase.co/storage/v1/object/public/products/product-images/koba-13f6d6bf-8987-4d1e-8360-5eed63f4fac0.jpg","Aplb","Health & Beauty > Personal Care > Cosmetics","https://m.me/1002146686323797?ref=13f6d6bf-8987-4d1e-8360-5eed63f4fac0"
"71c271e3-ff1e-4683-905d-3f1ae8eca946","Aplb Pdrn Vitamin C Ampoule Serum 40 ml","Minimum Retail Selling Price: 950","in stock","new","1070 BDT","https://glamourstouch.com/product/71c271e3-ff1e-4683-905d-3f1ae8eca946","https://fmcltrjnuvuooarkvufn.supabase.co/storage/v1/object/public/products/product-images/koba-71c271e3-ff1e-4683-905d-3f1ae8eca946.jpg","Aplb","Health & Beauty > Personal Care > Cosmetics","https://m.me/1002146686323797?ref=71c271e3-ff1e-4683-905d-3f1ae8eca946"
"2ea6586c-ca9b-4305-86d5-14a11c59d759","W.Skin Laboratory Triple Care Sun Cream Spf 50+ 60 g","Minimum Retail Selling Price: ৳ 950","in stock","new","900 BDT","https://glamourstouch.com/product/2ea6586c-ca9b-4305-86d5-14a11c59d759","https://fmcltrjnuvuooarkvufn.supabase.co/storage/v1/object/public/products/product-images/koba-2ea6586c-ca9b-4305-86d5-14a11c59d759.jpg","W.Skin","Health & Beauty > Personal Care > Cosmetics","https://m.me/1002146686323797?ref=2ea6586c-ca9b-4305-86d5-14a11c59d759"
"3a276d6d-e920-4b7e-9314-168eee47baf2","Iunik Centella Calming Daily Sunscreen  60 ml","Minimum Retail Selling Price: ৳ 1,500","in stock","new","1410 BDT","https://glamourstouch.com/product/3a276d6d-e920-4b7e-9314-168eee47baf2","https://fmcltrjnuvuooarkvufn.supabase.co/storage/v1/object/public/products/product-images/koba-3a276d6d-e920-4b7e-9314-168eee47baf2.jpg","Iunik","Health & Beauty > Personal Care > Cosmetics","https://m.me/1002146686323797?ref=3a276d6d-e920-4b7e-9314-168eee47baf2"
"2333d859-b33d-4c42-b1d7-3aadf10d4639","Lipvive Sugar Balm  Shea Butter Intense 4.8g","Minimum Retail Selling Price: ৳ 400","in stock","new","340 BDT","https://glamourstouch.com/product/2333d859-b33d-4c42-b1d7-3aadf10d4639","https://fmcltrjnuvuooarkvufn.supabase.co/storage/v1/object/public/products/product-images/koba-2333d859-b33d-4c42-b1d7-3aadf10d4639.jpg","Lipvive","Health & Beauty > Personal Care > Cosmetics","https://m.me/1002146686323797?ref=2333d859-b33d-4c42-b1d7-3aadf10d4639"
"660b4b29-1a64-4e6c-8a22-ce32a479921e","Lipvive Sugar Balm  Cool Mint Fresh 4.8g","Minimum Retail Selling Price: ৳ 400","in stock","new","340 BDT","https://glamourstouch.com/product/660b4b29-1a64-4e6c-8a22-ce32a479921e","https://fmcltrjnuvuooarkvufn.supabase.co/storage/v1/object/public/products/product-images/koba-660b4b29-1a64-4e6c-8a22-ce32a479921e.jpg","Lipvive","Health & Beauty > Personal Care > Cosmetics","https://m.me/1002146686323797?ref=660b4b29-1a64-4e6c-8a22-ce32a479921e"
"aef21e02-ce93-4aa7-9152-79dc99745ac5","Green Finger Intensive Baby Shampoo 300 ml","Minimum Retail Selling Price: ৳ 1,900","in stock","new","1640 BDT","https://glamourstouch.com/product/aef21e02-ce93-4aa7-9152-79dc99745ac5","https://fmcltrjnuvuooarkvufn.supabase.co/storage/v1/object/public/products/product-images/koba-aef21e02-ce93-4aa7-9152-79dc99745ac5.jpg","Green","Health & Beauty > Personal Care > Cosmetics","https://m.me/1002146686323797?ref=aef21e02-ce93-4aa7-9152-79dc99745ac5"
"f3408c6f-59eb-4659-a0da-aa3db367b121","FOODAHOLIC Multi Sun Cream SPF50+PA+++ 70 ml","Minimum Retail Selling Price: ৳ 650","in stock","new","640 BDT","https://glamourstouch.com/product/f3408c6f-59eb-4659-a0da-aa3db367b121","https://fmcltrjnuvuooarkvufn.supabase.co/storage/v1/object/public/products/product-images/koba-f3408c6f-59eb-4659-a0da-aa3db367b121.jpg","FOODAHOLIC","Health & Beauty > Personal Care > Cosmetics","https://m.me/1002146686323797?ref=f3408c6f-59eb-4659-a0da-aa3db367b121"
"1c22f232-31a9-4f1f-8cd5-9741dce7cd28","Dabo 30 Days Glutathione Snow White Melanope Cream 100 ml","Minimum Retail Selling Price: ৳ 1,150","in stock","new","1110 BDT","https://glamourstouch.com/product/1c22f232-31a9-4f1f-8cd5-9741dce7cd28","https://fmcltrjnuvuooarkvufn.supabase.co/storage/v1/object/public/products/product-images/koba-1c22f232-31a9-4f1f-8cd5-9741dce7cd28.jpg","Dabo","Health & Beauty > Personal Care > Cosmetics","https://m.me/1002146686323797?ref=1c22f232-31a9-4f1f-8cd5-9741dce7cd28"
"2255d115-81ee-4332-8fbe-9e93a50b04a1","Dabo 30 Days Black Snail All In One Toner 300 ml","Minimum Retail Selling Price: ৳ 1,450","in stock","new","1510 BDT","https://glamourstouch.com/product/2255d115-81ee-4332-8fbe-9e93a50b04a1","https://fmcltrjnuvuooarkvufn.supabase.co/storage/v1/object/public/products/product-images/koba-2255d115-81ee-4332-8fbe-9e93a50b04a1.jpg","Dabo","Health & Beauty > Personal Care > Cosmetics","https://m.me/1002146686323797?ref=2255d115-81ee-4332-8fbe-9e93a50b04a1"
"a1c8ff30-60ca-4bc8-a14d-4be360afedab","Dabo 3 In 1 Collagen Lifting Eye Cream 30 ml","Minimum Retail Selling Price: ৳ 700","in stock","new","810 BDT","https://glamourstouch.com/product/a1c8ff30-60ca-4bc8-a14d-4be360afedab","https://fmcltrjnuvuooarkvufn.supabase.co/storage/v1/object/public/products/product-images/koba-a1c8ff30-60ca-4bc8-a14d-4be360afedab.jpg","Dabo","Health & Beauty > Personal Care > Cosmetics","https://m.me/1002146686323797?ref=a1c8ff30-60ca-4bc8-a14d-4be360afedab"
"2bb23112-7594-4797-8383-a8ce4c6bab1f","Nature Skin Salicylic Acid Exfoliating Gentle Cleanser 152 mL","Minimum Retail Selling Price: ৳ 850","in stock","new","860 BDT","https://glamourstouch.com/product/2bb23112-7594-4797-8383-a8ce4c6bab1f","https://fmcltrjnuvuooarkvufn.supabase.co/storage/v1/object/public/products/product-images/koba-2bb23112-7594-4797-8383-a8ce4c6bab1f.jpg","Nature Skin","Health & Beauty > Personal Care > Cosmetics","https://m.me/1002146686323797?ref=2bb23112-7594-4797-8383-a8ce4c6bab1f"
"4672d340-79b8-453f-8fc7-dd4be731bd22","Nature Skin Brightening UV Protection Multi Sun Cream SPF 50+ PA+++","Minimum Retail Selling Price: ৳ 650","in stock","new","560 BDT","https://glamourstouch.com/product/4672d340-79b8-453f-8fc7-dd4be731bd22","https://fmcltrjnuvuooarkvufn.supabase.co/storage/v1/object/public/products/product-images/koba-4672d340-79b8-453f-8fc7-dd4be731bd22.jpg","Nature Skin","Health & Beauty > Personal Care > Cosmetics","https://m.me/1002146686323797?ref=4672d340-79b8-453f-8fc7-dd4be731bd22"
"4a7c930f-a15d-4d4b-bf41-1cf3329e58f3","Dabo Aloevera Moisture Soothing Gel 300ml","Minimum Retail Selling Price: ৳ 950","in stock","new","1090 BDT","https://glamourstouch.com/product/4a7c930f-a15d-4d4b-bf41-1cf3329e58f3","https://fmcltrjnuvuooarkvufn.supabase.co/storage/v1/object/public/products/product-images/koba-4a7c930f-a15d-4d4b-bf41-1cf3329e58f3.jpg","Dabo","Health & Beauty > Personal Care > Cosmetics","https://m.me/1002146686323797?ref=4a7c930f-a15d-4d4b-bf41-1cf3329e58f3"
"6529c8d3-41a9-41ab-a1a4-09c088ac1a97","The Ordinary Niacinamide 10% + Zinc 1% 60 ml","Minimum Retail Selling Price: ৳ 2,250","in stock","new","2360 BDT","https://glamourstouch.com/product/6529c8d3-41a9-41ab-a1a4-09c088ac1a97","https://fmcltrjnuvuooarkvufn.supabase.co/storage/v1/object/public/products/product-images/koba-6529c8d3-41a9-41ab-a1a4-09c088ac1a97.jpg","The Ordinary","Health & Beauty > Personal Care > Cosmetics","https://m.me/1002146686323797?ref=6529c8d3-41a9-41ab-a1a4-09c088ac1a97"
"a4a8a210-c2b0-4727-bd28-29bea9d851ad","The Face Shop Rice Ceramide Moisturizing Toner 150 ml","Minimum Retail Selling Price: ৳ 1,200","in stock","new","1250 BDT","https://glamourstouch.com/product/a4a8a210-c2b0-4727-bd28-29bea9d851ad","https://fmcltrjnuvuooarkvufn.supabase.co/storage/v1/object/public/products/product-images/koba-a4a8a210-c2b0-4727-bd28-29bea9d851ad.jpg","The Face Shop","Health & Beauty > Personal Care > Cosmetics","https://m.me/1002146686323797?ref=a4a8a210-c2b0-4727-bd28-29bea9d851ad"
"22c723d4-7cee-458e-9b93-0d620043eedb","FOODAHOLIC Multi Sun Cream SPF50+PA+++ 250 ml","Minimum Retail Selling Price: ৳1,650","in stock","new","1640 BDT","https://glamourstouch.com/product/22c723d4-7cee-458e-9b93-0d620043eedb","https://fmcltrjnuvuooarkvufn.supabase.co/storage/v1/object/public/products/product-images/koba-22c723d4-7cee-458e-9b93-0d620043eedb.jpg","FOODAHOLIC","Health & Beauty > Personal Care > Cosmetics","https://m.me/1002146686323797?ref=22c723d4-7cee-458e-9b93-0d620043eedb"
"525beb84-f845-4a21-a177-5ae4c1015941","Beauty of Joseon Calming Barrier Serum Green Tea  Ha + Panthenol 30 ml","Beauty of Joseon Calming Barrier Serum Green Tea Ha + Panthenol 30 ml","in stock","new","1600 BDT","https://glamourstouch.com/product/525beb84-f845-4a21-a177-5ae4c1015941","https://fmcltrjnuvuooarkvufn.supabase.co/storage/v1/object/public/products/product-images/koba-525beb84-f845-4a21-a177-5ae4c1015941.jpg","Beauty of Joseon","Health & Beauty > Personal Care > Cosmetics","https://m.me/1002146686323797?ref=525beb84-f845-4a21-a177-5ae4c1015941"
"80f19a93-513e-4996-a0d2-fccc8fdfcb11","SKIN1004 Madagascar Centella Tone Brightening Cleansing Gel Foam 125 ml","Minimum Retail Selling Price: ৳ 1,450","in stock","new","1540 BDT","https://glamourstouch.com/product/80f19a93-513e-4996-a0d2-fccc8fdfcb11","https://fmcltrjnuvuooarkvufn.supabase.co/storage/v1/object/public/products/product-images/koba-80f19a93-513e-4996-a0d2-fccc8fdfcb11.jpg","SKIN1004","Health & Beauty > Personal Care > Cosmetics","https://m.me/1002146686323797?ref=80f19a93-513e-4996-a0d2-fccc8fdfcb11"
"2efb39f7-b31e-4501-952d-6e9d837b218a","Foodaholic Nature Skin Peeling Gel Rice Bran 150 ml","Minimum Retail Selling Price: ৳ 800","in stock","new","970 BDT","https://glamourstouch.com/product/2efb39f7-b31e-4501-952d-6e9d837b218a","https://fmcltrjnuvuooarkvufn.supabase.co/storage/v1/object/public/products/product-images/koba-2efb39f7-b31e-4501-952d-6e9d837b218a.jpg","Nature Skin","Health & Beauty > Personal Care > Cosmetics","https://m.me/1002146686323797?ref=2efb39f7-b31e-4501-952d-6e9d837b218a"
"bd1c492f-1d98-47de-972c-43833bc3a697","Foodaholic Aroma Oil Rose Body Essence Oil 465ml","Minimum Retail Selling Price: ৳ 1,300","in stock","new","1490 BDT","https://glamourstouch.com/product/bd1c492f-1d98-47de-972c-43833bc3a697","https://fmcltrjnuvuooarkvufn.supabase.co/storage/v1/object/public/products/product-images/koba-bd1c492f-1d98-47de-972c-43833bc3a697.jpg","Foodaholic","Health & Beauty > Personal Care > Cosmetics","https://m.me/1002146686323797?ref=bd1c492f-1d98-47de-972c-43833bc3a697"
"c8bfd0d8-36a6-4415-9e2c-e8e2dfdfde39","Foodaholic Aroma Oil Olive Body Essence Oil 465ml","Minimum Retail Selling Price: ৳ 1,300","in stock","new","1490 BDT","https://glamourstouch.com/product/c8bfd0d8-36a6-4415-9e2c-e8e2dfdfde39","https://fmcltrjnuvuooarkvufn.supabase.co/storage/v1/object/public/products/product-images/koba-c8bfd0d8-36a6-4415-9e2c-e8e2dfdfde39.jpg","Foodaholic","Health & Beauty > Personal Care > Cosmetics","https://m.me/1002146686323797?ref=c8bfd0d8-36a6-4415-9e2c-e8e2dfdfde39"
"b2be266a-9e70-42f8-8fe1-ad0c3c21e589","Mise En Scene Perfect Serum Watery 80 ml","Minimum Retail Selling Price: 1,300","in stock","new","1500 BDT","https://glamourstouch.com/product/b2be266a-9e70-42f8-8fe1-ad0c3c21e589","https://fmcltrjnuvuooarkvufn.supabase.co/storage/v1/object/public/products/product-images/koba-b2be266a-9e70-42f8-8fe1-ad0c3c21e589.jpg","Mise En Scene","Health & Beauty > Personal Care > Cosmetics","https://m.me/1002146686323797?ref=b2be266a-9e70-42f8-8fe1-ad0c3c21e589"
"ef1b6257-83f0-489f-bff0-dfe08a5096f0","Forest Phyton Hydra Cica Serum 50 ml","Forest Phyton Hydra Cica Serum 50 ml","in stock","new","1140 BDT","https://glamourstouch.com/product/ef1b6257-83f0-489f-bff0-dfe08a5096f0","https://fmcltrjnuvuooarkvufn.supabase.co/storage/v1/object/public/products/product-images/koba-ef1b6257-83f0-489f-bff0-dfe08a5096f0.jpg","Forest","Health & Beauty > Personal Care > Cosmetics","https://m.me/1002146686323797?ref=ef1b6257-83f0-489f-bff0-dfe08a5096f0"
"2a19e72d-69bc-44c9-af56-e2c493778dee","SKIN1004 Madagascar Centella Niacinamide 10 Boosting Shot Ampoule 30 ml","Minimum Retail Selling Price: ৳ 1600 SKIN1004 Madagascar Centella Niacinamide 10 Boosting Shot Ampoule 30 ml is a powerful brightening serum with 10% Niacinamide and Centella Asiatica that helps reduce dark spots,control excess oil,minimize pores and improve skin texture for a clear, radiant glow.","in stock","new","1700 BDT","https://glamourstouch.com/product/2a19e72d-69bc-44c9-af56-e2c493778dee","https://fmcltrjnuvuooarkvufn.supabase.co/storage/v1/object/public/products/product-images/koba-2a19e72d-69bc-44c9-af56-e2c493778dee.jpg","SKIN1004","Health & Beauty > Personal Care > Cosmetics","https://m.me/1002146686323797?ref=2a19e72d-69bc-44c9-af56-e2c493778dee"
"026f5365-f8f1-43b4-a53b-136033192393","Foodaholic Aroma Oil Lavender Body Essence Oil 465ml","Minimum Retail Selling Price: ৳ 1,300","in stock","new","1640 BDT","https://glamourstouch.com/product/026f5365-f8f1-43b4-a53b-136033192393","https://fmcltrjnuvuooarkvufn.supabase.co/storage/v1/object/public/products/product-images/koba-026f5365-f8f1-43b4-a53b-136033192393.jpg","Foodaholic","Health & Beauty > Personal Care > Cosmetics","https://m.me/1002146686323797?ref=026f5365-f8f1-43b4-a53b-136033192393"
"e2dd318d-dc6c-4af6-bd19-735008ab321b","Green Finger Intensive Baby Soap 80g","Minimum Retail Selling Price: ৳ 700","in stock","new","640 BDT","https://glamourstouch.com/product/e2dd318d-dc6c-4af6-bd19-735008ab321b","https://fmcltrjnuvuooarkvufn.supabase.co/storage/v1/object/public/products/product-images/koba-e2dd318d-dc6c-4af6-bd19-735008ab321b.jpg","Green","Health & Beauty > Personal Care > Cosmetics","https://m.me/1002146686323797?ref=e2dd318d-dc6c-4af6-bd19-735008ab321b"
"3c62ba7e-0ed5-41a8-af12-2b78f6c368d7","Cosrx Salicylic Acid Daily Gentle Cleanser 150 ml","","in stock","new","950 BDT","https://glamourstouch.com/product/3c62ba7e-0ed5-41a8-af12-2b78f6c368d7","https://fmcltrjnuvuooarkvufn.supabase.co/storage/v1/object/public/products/product-images/c0ffb1a8-5ab2-4dcd-a8c0-f139ce392f3d.jpg","Cosrx ","Health & Beauty > Personal Care > Cosmetics","https://m.me/1002146686323797?ref=3c62ba7e-0ed5-41a8-af12-2b78f6c368d7"
"dcda7cdf-31ed-458e-b6d6-96190ceaa98b","GUERISSON 9 Complex Cream 70g","Minimum Retail Selling Price: ৳ 1,650","in stock","new","1790 BDT","https://glamourstouch.com/product/dcda7cdf-31ed-458e-b6d6-96190ceaa98b","https://fmcltrjnuvuooarkvufn.supabase.co/storage/v1/object/public/products/product-images/koba-dcda7cdf-31ed-458e-b6d6-96190ceaa98b.jpg","GUERISSON","Health & Beauty > Personal Care > Cosmetics","https://m.me/1002146686323797?ref=dcda7cdf-31ed-458e-b6d6-96190ceaa98b"
"c9c43cc8-057e-4925-9a3c-b7e0a26374b0","Cloud 9 Blanc De Whitening Cream 50ml","Minimum Retail Selling Price: ৳ 1,450","in stock","new","1570 BDT","https://glamourstouch.com/product/c9c43cc8-057e-4925-9a3c-b7e0a26374b0","https://fmcltrjnuvuooarkvufn.supabase.co/storage/v1/object/public/products/product-images/koba-c9c43cc8-057e-4925-9a3c-b7e0a26374b0.jpg","Cloud","Health & Beauty > Personal Care > Cosmetics","https://m.me/1002146686323797?ref=c9c43cc8-057e-4925-9a3c-b7e0a26374b0"
"1348f650-40e9-4a1b-8faa-3c73816d96b0","Anjo Professional 24K Gold Foam Cleansing 100 ml","Minimum Retail Selling Price: ৳ 550","in stock","new","640 BDT","https://glamourstouch.com/product/1348f650-40e9-4a1b-8faa-3c73816d96b0","https://fmcltrjnuvuooarkvufn.supabase.co/storage/v1/object/public/products/product-images/koba-1348f650-40e9-4a1b-8faa-3c73816d96b0.jpg","Anjo","Health & Beauty > Personal Care > Cosmetics","https://m.me/1002146686323797?ref=1348f650-40e9-4a1b-8faa-3c73816d96b0"
"1aba5bd1-79c1-4657-83fc-005dc1b0bfbf","Anjo Professional 24K Gold Skin Care 6 Set","Minimum Retail Selling Price: ৳ 9,000","in stock","new","11430 BDT","https://glamourstouch.com/product/1aba5bd1-79c1-4657-83fc-005dc1b0bfbf","https://fmcltrjnuvuooarkvufn.supabase.co/storage/v1/object/public/products/product-images/koba-1aba5bd1-79c1-4657-83fc-005dc1b0bfbf.jpg","Anjo","Health & Beauty > Personal Care > Cosmetics","https://m.me/1002146686323797?ref=1aba5bd1-79c1-4657-83fc-005dc1b0bfbf"
"b52162f8-8b77-4431-9e10-2ae99f07b184","3w Clinic Intensive UV Sunblock Cream 70 ml ","","in stock","new","520 BDT","https://glamourstouch.com/product/b52162f8-8b77-4431-9e10-2ae99f07b184","https://fmcltrjnuvuooarkvufn.supabase.co/storage/v1/object/public/products/product-images/f6c544e8-1769-44de-975f-ad7198f11544.jpg","3w Clinic","Health & Beauty > Personal Care > Cosmetics","https://m.me/1002146686323797?ref=b52162f8-8b77-4431-9e10-2ae99f07b184"
"09bb8f13-bba4-49fa-b04d-87850e992426","The Face Shop Rich Hand With Vitamin E Soft Touch Hand Lotion 200 ml","Minimum Retail Selling Price: ৳ 1,150","in stock","new","1210 BDT","https://glamourstouch.com/product/09bb8f13-bba4-49fa-b04d-87850e992426","https://fmcltrjnuvuooarkvufn.supabase.co/storage/v1/object/public/products/product-images/koba-09bb8f13-bba4-49fa-b04d-87850e992426.jpg","The Face Shop","Health & Beauty > Personal Care > Cosmetics","https://m.me/1002146686323797?ref=09bb8f13-bba4-49fa-b04d-87850e992426"
"ff6b3705-f305-4493-867e-028cc505756b","Dabo White Musk Perfume Body Lotion 500 ml","Minimum Retail Selling Price: ৳ 1,580","in stock","new","1830 BDT","https://glamourstouch.com/product/ff6b3705-f305-4493-867e-028cc505756b","https://fmcltrjnuvuooarkvufn.supabase.co/storage/v1/object/public/products/product-images/koba-ff6b3705-f305-4493-867e-028cc505756b.jpg","Dabo","Health & Beauty > Personal Care > Cosmetics","https://m.me/1002146686323797?ref=ff6b3705-f305-4493-867e-028cc505756b"
"e52405c1-a3f1-44fb-8cb4-3a4869a94a34","Dabo Tropical Cocktail Perfume Body Lotion 500ml","Minimum Retail Selling Price: ৳ 1,450","in stock","new","1830 BDT","https://glamourstouch.com/product/e52405c1-a3f1-44fb-8cb4-3a4869a94a34","https://fmcltrjnuvuooarkvufn.supabase.co/storage/v1/object/public/products/product-images/koba-e52405c1-a3f1-44fb-8cb4-3a4869a94a34.jpg","Dabo","Health & Beauty > Personal Care > Cosmetics","https://m.me/1002146686323797?ref=e52405c1-a3f1-44fb-8cb4-3a4869a94a34"
"9ffedb48-78eb-47f0-97c3-2fc4a578bb16","Dabo Triple Cover BB Cream No.21 50 ml","Minimum Retail Selling Price: ৳ 900","in stock","new","890 BDT","https://glamourstouch.com/product/9ffedb48-78eb-47f0-97c3-2fc4a578bb16","https://fmcltrjnuvuooarkvufn.supabase.co/storage/v1/object/public/products/product-images/koba-9ffedb48-78eb-47f0-97c3-2fc4a578bb16.jpg","Dabo","Health & Beauty > Personal Care > Cosmetics","https://m.me/1002146686323797?ref=9ffedb48-78eb-47f0-97c3-2fc4a578bb16"
"3d35127f-8284-479c-8525-a09a530940be","Dabo T-Tree Cica Clear Toner 210 ml","Minimum Retail Selling Price: ৳ 1,350","in stock","new","1400 BDT","https://glamourstouch.com/product/3d35127f-8284-479c-8525-a09a530940be","https://fmcltrjnuvuooarkvufn.supabase.co/storage/v1/object/public/products/product-images/koba-3d35127f-8284-479c-8525-a09a530940be.jpg","Dabo","Health & Beauty > Personal Care > Cosmetics","https://m.me/1002146686323797?ref=3d35127f-8284-479c-8525-a09a530940be"
"d82940e8-3fa4-434c-9637-dea97e57a23f","Lipvive Sugar Balm  Rosy Red 4.8 g","Minimum Retail Selling Price: ৳ 400","in stock","new","340 BDT","https://glamourstouch.com/product/d82940e8-3fa4-434c-9637-dea97e57a23f","https://fmcltrjnuvuooarkvufn.supabase.co/storage/v1/object/public/products/product-images/koba-d82940e8-3fa4-434c-9637-dea97e57a23f.jpg","Lipvive","Health & Beauty > Personal Care > Cosmetics","https://m.me/1002146686323797?ref=d82940e8-3fa4-434c-9637-dea97e57a23f"
"f8ab66b3-8c7a-45b2-a787-962e3b90cebd","Dabo Speed Whitening Ex Cream 50 ml","Minimum Retail Selling Price: ৳ 1,080","in stock","new","1110 BDT","https://glamourstouch.com/product/f8ab66b3-8c7a-45b2-a787-962e3b90cebd","https://fmcltrjnuvuooarkvufn.supabase.co/storage/v1/object/public/products/product-images/koba-f8ab66b3-8c7a-45b2-a787-962e3b90cebd.jpg","Dabo","Health & Beauty > Personal Care > Cosmetics","https://m.me/1002146686323797?ref=f8ab66b3-8c7a-45b2-a787-962e3b90cebd"
"42ae5f89-d66e-4c20-8f30-f8cc7c4cb547","Dabo S.O.S Recovery CICA Cream 50 ml","Minimum Retail Selling Price: ৳ 1,100","in stock","new","1110 BDT","https://glamourstouch.com/product/42ae5f89-d66e-4c20-8f30-f8cc7c4cb547","https://fmcltrjnuvuooarkvufn.supabase.co/storage/v1/object/public/products/product-images/koba-42ae5f89-d66e-4c20-8f30-f8cc7c4cb547.jpg","Dabo","Health & Beauty > Personal Care > Cosmetics","https://m.me/1002146686323797?ref=42ae5f89-d66e-4c20-8f30-f8cc7c4cb547"
"200dca03-f36a-47c1-b334-4e6000d9b32d","Dabo Phyto Cica b5 O2 Deep Cleanser 200 ml","Minimum Retail Selling Price: ৳ 1,100","in stock","new","1260 BDT","https://glamourstouch.com/product/200dca03-f36a-47c1-b334-4e6000d9b32d","https://fmcltrjnuvuooarkvufn.supabase.co/storage/v1/object/public/products/product-images/koba-200dca03-f36a-47c1-b334-4e6000d9b32d.jpg","Dabo","Health & Beauty > Personal Care > Cosmetics","https://m.me/1002146686323797?ref=200dca03-f36a-47c1-b334-4e6000d9b32d"
"a4d48a87-26f6-4c76-b67d-9b83e309fbae","Dabo Natural Rich Foam Cleanser Avocado 180 ml","Minimum Retail Selling Price: ৳ 950 Expire Date. 01.2027","in stock","new","830 BDT","https://glamourstouch.com/product/a4d48a87-26f6-4c76-b67d-9b83e309fbae","https://fmcltrjnuvuooarkvufn.supabase.co/storage/v1/object/public/products/product-images/koba-a4d48a87-26f6-4c76-b67d-9b83e309fbae.jpg","Dabo","Health & Beauty > Personal Care > Cosmetics","https://m.me/1002146686323797?ref=a4d48a87-26f6-4c76-b67d-9b83e309fbae"
"8f499689-bad7-4fb8-8a5c-defdc684c761","Dabo Monparis Floral Perfume Shampoo 500 ml","Minimum Retail Selling Price: ৳ 1,600","in stock","new","1900 BDT","https://glamourstouch.com/product/8f499689-bad7-4fb8-8a5c-defdc684c761","https://fmcltrjnuvuooarkvufn.supabase.co/storage/v1/object/public/products/product-images/koba-8f499689-bad7-4fb8-8a5c-defdc684c761.jpg","Dabo","Health & Beauty > Personal Care > Cosmetics","https://m.me/1002146686323797?ref=8f499689-bad7-4fb8-8a5c-defdc684c761"
"9f126201-c569-427f-93bd-357773154c94","Dabo Medi Cica Scrub Whip Foam 150 ml","Minimum Retail Selling Price: ৳ 800","in stock","new","830 BDT","https://glamourstouch.com/product/9f126201-c569-427f-93bd-357773154c94","https://fmcltrjnuvuooarkvufn.supabase.co/storage/v1/object/public/products/product-images/koba-9f126201-c569-427f-93bd-357773154c94.jpg","Dabo","Health & Beauty > Personal Care > Cosmetics","https://m.me/1002146686323797?ref=9f126201-c569-427f-93bd-357773154c94"
"602437b6-6b22-437d-be0c-1e85c1b45cdf","Dabo Make Up Dark Out Tone Up Primer 30 ml","Minimum Retail Selling Price: ৳ 650 Buy 12 get 1 Free","in stock","new","600 BDT","https://glamourstouch.com/product/602437b6-6b22-437d-be0c-1e85c1b45cdf","https://fmcltrjnuvuooarkvufn.supabase.co/storage/v1/object/public/products/product-images/koba-602437b6-6b22-437d-be0c-1e85c1b45cdf.jpg","Dabo","Health & Beauty > Personal Care > Cosmetics","https://m.me/1002146686323797?ref=602437b6-6b22-437d-be0c-1e85c1b45cdf"
"fccefbe2-5743-4e6e-b087-f31d2335a160","Dabo Make Up All Day perfect Brush Eyeliner 01 Deep Black","Minimum Retail Selling Price: ৳ 450","in stock","new","500 BDT","https://glamourstouch.com/product/fccefbe2-5743-4e6e-b087-f31d2335a160","https://fmcltrjnuvuooarkvufn.supabase.co/storage/v1/object/public/products/product-images/koba-fccefbe2-5743-4e6e-b087-f31d2335a160.jpg","Dabo","Health & Beauty > Personal Care > Cosmetics","https://m.me/1002146686323797?ref=fccefbe2-5743-4e6e-b087-f31d2335a160"
"68bfc3e3-273a-47f7-bd7c-0301e24bfb8f","Dabo Foundation-Skip Tone Up Cover Sun Cream 50 ml","Minimum Retail Selling Price: ৳ 800","in stock","new","930 BDT","https://glamourstouch.com/product/68bfc3e3-273a-47f7-bd7c-0301e24bfb8f","https://fmcltrjnuvuooarkvufn.supabase.co/storage/v1/object/public/products/product-images/koba-68bfc3e3-273a-47f7-bd7c-0301e24bfb8f.jpg","Dabo","Health & Beauty > Personal Care > Cosmetics","https://m.me/1002146686323797?ref=68bfc3e3-273a-47f7-bd7c-0301e24bfb8f"
"faa29ed2-4456-4903-8397-fe4646ba5df4","Dabo Elegance Love Perfume Body Lotion 500 ml","Minimum Retail Selling Price: ৳ 1,450","in stock","new","1860 BDT","https://glamourstouch.com/product/faa29ed2-4456-4903-8397-fe4646ba5df4","https://fmcltrjnuvuooarkvufn.supabase.co/storage/v1/object/public/products/product-images/koba-faa29ed2-4456-4903-8397-fe4646ba5df4.jpg","Dabo","Health & Beauty > Personal Care > Cosmetics","https://m.me/1002146686323797?ref=faa29ed2-4456-4903-8397-fe4646ba5df4"
"b4d97bfb-cb28-44b5-a7a8-b4a52685bedb","Dabo Deep Cica Daily UV Shield Safe Sun Stick Spf 50+ PA++++ 22 g","Minimum Retail Selling Price: ৳ 1,080","in stock","new","1030 BDT","https://glamourstouch.com/product/b4d97bfb-cb28-44b5-a7a8-b4a52685bedb","https://fmcltrjnuvuooarkvufn.supabase.co/storage/v1/object/public/products/product-images/koba-b4d97bfb-cb28-44b5-a7a8-b4a52685bedb.jpg","Dabo","Health & Beauty > Personal Care > Cosmetics","https://m.me/1002146686323797?ref=b4d97bfb-cb28-44b5-a7a8-b4a52685bedb"
"bb2e46d1-cfa9-40ba-942a-5886ab71e196","Dabo Dear Josephine Floral Perfume Shampoo 500 ml","Minimum Retail Selling Price: ৳ 1,600","in stock","new","1860 BDT","https://glamourstouch.com/product/bb2e46d1-cfa9-40ba-942a-5886ab71e196","https://fmcltrjnuvuooarkvufn.supabase.co/storage/v1/object/public/products/product-images/koba-bb2e46d1-cfa9-40ba-942a-5886ab71e196.jpg","Dabo","Health & Beauty > Personal Care > Cosmetics","https://m.me/1002146686323797?ref=bb2e46d1-cfa9-40ba-942a-5886ab71e196"
"6389e000-19d2-4d2e-b7e3-2a28d7ac20fa","Dabo Collagen Waterful Energy Soothing Gel 300 ml","Minimum Retail Selling Price: ৳ 980","in stock","new","1070 BDT","https://glamourstouch.com/product/6389e000-19d2-4d2e-b7e3-2a28d7ac20fa","https://fmcltrjnuvuooarkvufn.supabase.co/storage/v1/object/public/products/product-images/koba-6389e000-19d2-4d2e-b7e3-2a28d7ac20fa.jpg","Dabo","Health & Beauty > Personal Care > Cosmetics","https://m.me/1002146686323797?ref=6389e000-19d2-4d2e-b7e3-2a28d7ac20fa"
"c9ca150f-9254-45e7-a44c-098a7b2ea51e","Dabo Natural Rich Foam Cleanser Collagen 180 ml","Minimum Retail Selling Price: ৳ 950","in stock","new","960 BDT","https://glamourstouch.com/product/c9ca150f-9254-45e7-a44c-098a7b2ea51e","https://fmcltrjnuvuooarkvufn.supabase.co/storage/v1/object/public/products/product-images/koba-c9ca150f-9254-45e7-a44c-098a7b2ea51e.jpg","Dabo","Health & Beauty > Personal Care > Cosmetics","https://m.me/1002146686323797?ref=c9ca150f-9254-45e7-a44c-098a7b2ea51e"
"3a7523e2-19e3-4753-b471-f1b34627fd58","Dabo Collagen Lifting Ampoule 50 ml","Minimum Retail Selling Price: ৳ 1,150","in stock","new","1170 BDT","https://glamourstouch.com/product/3a7523e2-19e3-4753-b471-f1b34627fd58","https://fmcltrjnuvuooarkvufn.supabase.co/storage/v1/object/public/products/product-images/koba-3a7523e2-19e3-4753-b471-f1b34627fd58.jpg","Dabo","Health & Beauty > Personal Care > Cosmetics","https://m.me/1002146686323797?ref=3a7523e2-19e3-4753-b471-f1b34627fd58"
"54a4b83c-a87e-4e6f-924a-9788e3b9220d","Dabo Cica Repair Soothing Gel 300 ml","","in stock","new","1070 BDT","https://glamourstouch.com/product/54a4b83c-a87e-4e6f-924a-9788e3b9220d","https://fmcltrjnuvuooarkvufn.supabase.co/storage/v1/object/public/products/product-images/koba-54a4b83c-a87e-4e6f-924a-9788e3b9220d.jpg","Dabo","Health & Beauty > Personal Care > Cosmetics","https://m.me/1002146686323797?ref=54a4b83c-a87e-4e6f-924a-9788e3b9220d"
"ac537a9c-29b7-43bb-bf4e-d81ae1036b37","Dabo Rice Pdrn Galactomy Glow Milky Toner 140 ml","Minimum Retail Selling Price: ৳ 1200","in stock","new","1390 BDT","https://glamourstouch.com/product/ac537a9c-29b7-43bb-bf4e-d81ae1036b37","https://fmcltrjnuvuooarkvufn.supabase.co/storage/v1/object/public/products/product-images/koba-ac537a9c-29b7-43bb-bf4e-d81ae1036b37.jpg","Dabo","Health & Beauty > Personal Care > Cosmetics","https://m.me/1002146686323797?ref=ac537a9c-29b7-43bb-bf4e-d81ae1036b37"
"39ef6ffa-8da6-451c-a984-253f44e6af6b","Dabo Natural Rich Foam Cleanser Green Tea 180 ml","Minimum Retail Selling Price: ৳ 950","in stock","new","970 BDT","https://glamourstouch.com/product/39ef6ffa-8da6-451c-a984-253f44e6af6b","https://fmcltrjnuvuooarkvufn.supabase.co/storage/v1/object/public/products/product-images/koba-39ef6ffa-8da6-451c-a984-253f44e6af6b.jpg","Dabo","Health & Beauty > Personal Care > Cosmetics","https://m.me/1002146686323797?ref=39ef6ffa-8da6-451c-a984-253f44e6af6b"
"6d8867c2-47c4-43aa-8476-034683d69292","Dabo Rice Pdrn Nmn Skin Barrier Cream 50 ml","Minimum Retail Selling Price: ৳ 980","in stock","new","1200 BDT","https://glamourstouch.com/product/6d8867c2-47c4-43aa-8476-034683d69292","https://fmcltrjnuvuooarkvufn.supabase.co/storage/v1/object/public/products/product-images/koba-6d8867c2-47c4-43aa-8476-034683d69292.jpg","Dabo","Health & Beauty > Personal Care > Cosmetics","https://m.me/1002146686323797?ref=6d8867c2-47c4-43aa-8476-034683d69292"
"489eb98f-79be-48a3-bc35-40772583f318","The Face Shop Rice Water Bright Foaming Cleanser 100 ml","Version: 50 ml Version: 100 ml Version: 150 ml Version: 300 ml","in stock","new","810 BDT","https://glamourstouch.com/product/489eb98f-79be-48a3-bc35-40772583f318","https://fmcltrjnuvuooarkvufn.supabase.co/storage/v1/object/public/products/product-images/koba-489eb98f-79be-48a3-bc35-40772583f318.jpg","The Face Shop","Health & Beauty > Personal Care > Cosmetics","https://m.me/1002146686323797?ref=489eb98f-79be-48a3-bc35-40772583f318"
"07febfa7-3f8e-4eda-9f30-1f2c2e0d42c1","Foodaholic Aroma Oil Green Tea Body Essence Oil 465ml","Minimum Retail Selling Price: ৳ 1,300","in stock","new","1490 BDT","https://glamourstouch.com/product/07febfa7-3f8e-4eda-9f30-1f2c2e0d42c1","https://fmcltrjnuvuooarkvufn.supabase.co/storage/v1/object/public/products/product-images/koba-07febfa7-3f8e-4eda-9f30-1f2c2e0d42c1.jpg","Foodaholic","Health & Beauty > Personal Care > Cosmetics","https://m.me/1002146686323797?ref=07febfa7-3f8e-4eda-9f30-1f2c2e0d42c1"
"78cf16f6-f9c5-4b97-bdeb-6095db8783ef","Foodaholic Aroma Oil Baby Body Essence Oil 465ml","Minimum Retail Selling Price: ৳ 1,300","in stock","new","1790 BDT","https://glamourstouch.com/product/78cf16f6-f9c5-4b97-bdeb-6095db8783ef","https://fmcltrjnuvuooarkvufn.supabase.co/storage/v1/object/public/products/product-images/koba-78cf16f6-f9c5-4b97-bdeb-6095db8783ef.jpg","Foodaholic","Health & Beauty > Personal Care > Cosmetics","https://m.me/1002146686323797?ref=78cf16f6-f9c5-4b97-bdeb-6095db8783ef"
"ae949bb1-d134-4207-8028-3a967c1e743c","Foodaholic Aroma Oil Apricot Body Essence Oil 465ml","Minimum Retail Selling Price: ৳ 1,300","in stock","new","1490 BDT","https://glamourstouch.com/product/ae949bb1-d134-4207-8028-3a967c1e743c","https://fmcltrjnuvuooarkvufn.supabase.co/storage/v1/object/public/products/product-images/koba-ae949bb1-d134-4207-8028-3a967c1e743c.jpg","Foodaholic","Health & Beauty > Personal Care > Cosmetics","https://m.me/1002146686323797?ref=ae949bb1-d134-4207-8028-3a967c1e743c"
"bf3dfd19-5ffb-4dcc-95a4-9105ebc5f476","Medicube Kojic Acid Turmeric Resurfacing Toner 250 ml","","in stock","new","2400 BDT","https://glamourstouch.com/product/bf3dfd19-5ffb-4dcc-95a4-9105ebc5f476","https://fmcltrjnuvuooarkvufn.supabase.co/storage/v1/object/public/products/product-images/koba-bf3dfd19-5ffb-4dcc-95a4-9105ebc5f476.jpg","Medicube","Health & Beauty > Personal Care > Cosmetics","https://m.me/1002146686323797?ref=bf3dfd19-5ffb-4dcc-95a4-9105ebc5f476"
"49719a85-2fa7-45bd-bee8-81f5e9eecfff","The Face Shop Rice Water Bright Cleansing Oil 150 ml  Light","Minimum Retail Selling Price: ৳ 1,200 Rich version Light version","in stock","new","1390 BDT","https://glamourstouch.com/product/49719a85-2fa7-45bd-bee8-81f5e9eecfff","https://fmcltrjnuvuooarkvufn.supabase.co/storage/v1/object/public/products/product-images/koba-49719a85-2fa7-45bd-bee8-81f5e9eecfff.jpg","The Face Shop","Health & Beauty > Personal Care > Cosmetics","https://m.me/1002146686323797?ref=49719a85-2fa7-45bd-bee8-81f5e9eecfff"
"3262beba-13ba-4465-8960-5378a361c6ed","3w Clinic Brown Rice Cleansing Foam  100 ml","Minimum Retail Selling Price: ৳ 500","in stock","new","560 BDT","https://glamourstouch.com/product/3262beba-13ba-4465-8960-5378a361c6ed","https://fmcltrjnuvuooarkvufn.supabase.co/storage/v1/object/public/products/product-images/koba-3262beba-13ba-4465-8960-5378a361c6ed.jpg","3w Clinic","Health & Beauty > Personal Care > Cosmetics","https://m.me/1002146686323797?ref=3262beba-13ba-4465-8960-5378a361c6ed"
"8b455706-a63e-482c-862d-dafcf9244843","The Face Shop Rice Water Bright Foaming Cleanser 50 ml","Minimum Retail Selling Price: ৳ 480","in stock","new","680 BDT","https://glamourstouch.com/product/8b455706-a63e-482c-862d-dafcf9244843","https://fmcltrjnuvuooarkvufn.supabase.co/storage/v1/object/public/products/product-images/koba-8b455706-a63e-482c-862d-dafcf9244843.jpg","The Face Shop","Health & Beauty > Personal Care > Cosmetics","https://m.me/1002146686323797?ref=8b455706-a63e-482c-862d-dafcf9244843"
"9c8a452d-5fbd-4010-baf9-cd1fbd545c4f","The Face Shop Rice Water Bright Cleansing Cream 400ml","Minimum Retail Selling Price: ৳ 1,850","in stock","new","2130 BDT","https://glamourstouch.com/product/9c8a452d-5fbd-4010-baf9-cd1fbd545c4f","https://fmcltrjnuvuooarkvufn.supabase.co/storage/v1/object/public/products/product-images/koba-9c8a452d-5fbd-4010-baf9-cd1fbd545c4f.jpg","The Face Shop","Health & Beauty > Personal Care > Cosmetics","https://m.me/1002146686323797?ref=9c8a452d-5fbd-4010-baf9-cd1fbd545c4f"
"7d351c17-e496-4e2f-9740-dc31290765fa","Dabo White Tree Saow Flake Pure White Foam Cleanser 150 ml","Minimum Retail Selling Price: ৳ 750","in stock","new","830 BDT","https://glamourstouch.com/product/7d351c17-e496-4e2f-9740-dc31290765fa","https://fmcltrjnuvuooarkvufn.supabase.co/storage/v1/object/public/products/product-images/koba-7d351c17-e496-4e2f-9740-dc31290765fa.jpg","Dabo","Health & Beauty > Personal Care > Cosmetics","https://m.me/1002146686323797?ref=7d351c17-e496-4e2f-9740-dc31290765fa"
"df2c0254-9b47-4bc5-9398-4371fd08359d","Beauty of Joseon Dynasty Cream 50 ml","Minimum Retail Selling Price: ৳ 2100","in stock","new","2430 BDT","https://glamourstouch.com/product/df2c0254-9b47-4bc5-9398-4371fd08359d","https://fmcltrjnuvuooarkvufn.supabase.co/storage/v1/object/public/products/product-images/koba-df2c0254-9b47-4bc5-9398-4371fd08359d.jpg","Beauty of Joseon","Health & Beauty > Personal Care > Cosmetics","https://m.me/1002146686323797?ref=df2c0254-9b47-4bc5-9398-4371fd08359d"
"9b9deea6-14ff-47ae-a15d-2fef7c4c5b61","SKIN1004 Madagascar Centella Ampoule Foam 125 ml","Minimum Retail Selling Price: ৳ 1450","in stock","new","1540 BDT","https://glamourstouch.com/product/9b9deea6-14ff-47ae-a15d-2fef7c4c5b61","https://fmcltrjnuvuooarkvufn.supabase.co/storage/v1/object/public/products/product-images/koba-9b9deea6-14ff-47ae-a15d-2fef7c4c5b61.jpg","SKIN1004","Health & Beauty > Personal Care > Cosmetics","https://m.me/1002146686323797?ref=9b9deea6-14ff-47ae-a15d-2fef7c4c5b61"
"18b7d300-ddff-417e-a6f0-b0c2094e3752","FARMSTAY Collagen & Hyaluronic Acid All in one Ampoule","Minimum Retail Selling Price: ৳ 1,450","in stock","new","1570 BDT","https://glamourstouch.com/product/18b7d300-ddff-417e-a6f0-b0c2094e3752","https://fmcltrjnuvuooarkvufn.supabase.co/storage/v1/object/public/products/product-images/koba-18b7d300-ddff-417e-a6f0-b0c2094e3752.jpg","FARMSTAY","Health & Beauty > Personal Care > Cosmetics","https://m.me/1002146686323797?ref=18b7d300-ddff-417e-a6f0-b0c2094e3752"
"b942df60-895a-4c56-91f4-cf064ebd3cd8","The Face Shop Rice Ceramide Moisturizing Emulsion 150 ml","Minimum Retail Selling Price: ৳ 1,200","in stock","new","1260 BDT","https://glamourstouch.com/product/b942df60-895a-4c56-91f4-cf064ebd3cd8","https://fmcltrjnuvuooarkvufn.supabase.co/storage/v1/object/public/products/product-images/koba-b942df60-895a-4c56-91f4-cf064ebd3cd8.jpg","The Face Shop","Health & Beauty > Personal Care > Cosmetics","https://m.me/1002146686323797?ref=b942df60-895a-4c56-91f4-cf064ebd3cd8"
"ed7cb446-55b3-4f93-8810-790c144b9e9c","Dabo Waterfull Uv Shield Daily Sun Cream SPF 50+ 50 ML","Minimum Retail Selling Price: ৳ 750","in stock","new","640 BDT","https://glamourstouch.com/product/ed7cb446-55b3-4f93-8810-790c144b9e9c","https://fmcltrjnuvuooarkvufn.supabase.co/storage/v1/object/public/products/product-images/koba-ed7cb446-55b3-4f93-8810-790c144b9e9c.jpg","Dabo","Health & Beauty > Personal Care > Cosmetics","https://m.me/1002146686323797?ref=ed7cb446-55b3-4f93-8810-790c144b9e9c"
"8a8ca4d8-1e7f-497c-904c-a18352cafdde","Beauty Of Joseon Relief Sun: Rice + Niacinamide SPF 50+ PA++++ (50 ml)","Minimum Retail Selling Price: ৳ 1,600","in stock","new","1600 BDT","https://glamourstouch.com/product/8a8ca4d8-1e7f-497c-904c-a18352cafdde","https://fmcltrjnuvuooarkvufn.supabase.co/storage/v1/object/public/products/product-images/koba-8a8ca4d8-1e7f-497c-904c-a18352cafdde.jpg","Beauty of Joseon","Health & Beauty > Personal Care > Cosmetics","https://m.me/1002146686323797?ref=8a8ca4d8-1e7f-497c-904c-a18352cafdde"
"392a9388-03e2-479a-a0ea-967087003287","Beauty of Joseon Relief Sun Aqua-Fresh Rice+ B5 SPF50+ 50 ml","Minimum Retail Selling Price: ৳ 1,600","in stock","new","1600 BDT","https://glamourstouch.com/product/392a9388-03e2-479a-a0ea-967087003287","https://fmcltrjnuvuooarkvufn.supabase.co/storage/v1/object/public/products/product-images/koba-392a9388-03e2-479a-a0ea-967087003287.jpg","Beauty of Joseon","Health & Beauty > Personal Care > Cosmetics","https://m.me/1002146686323797?ref=392a9388-03e2-479a-a0ea-967087003287"
"cb3d9df5-5dc1-45d1-b702-53a6aa2cd2fe","Anua Heartleaf Pore Control Cleansing Oil 20ml","Minimum Retail Selling Price: ৳ 650","in stock","new","700 BDT","https://glamourstouch.com/product/cb3d9df5-5dc1-45d1-b702-53a6aa2cd2fe","https://fmcltrjnuvuooarkvufn.supabase.co/storage/v1/object/public/products/product-images/koba-cb3d9df5-5dc1-45d1-b702-53a6aa2cd2fe.jpg","Anua","Health & Beauty > Personal Care > Cosmetics","https://m.me/1002146686323797?ref=cb3d9df5-5dc1-45d1-b702-53a6aa2cd2fe"
"56615e73-bdfa-4fd0-8247-a2c89dc60981","Medicube Zero Pore One Day Cream 50 ml","Medicube Zero Pore One Day Cream 50 ml","in stock","new","2570 BDT","https://glamourstouch.com/product/56615e73-bdfa-4fd0-8247-a2c89dc60981","https://fmcltrjnuvuooarkvufn.supabase.co/storage/v1/object/public/products/product-images/koba-56615e73-bdfa-4fd0-8247-a2c89dc60981.jpg","Medicube","Health & Beauty > Personal Care > Cosmetics","https://m.me/1002146686323797?ref=56615e73-bdfa-4fd0-8247-a2c89dc60981"
"9b4c3e14-f60d-4da3-9495-6ad222308ce9","Medicube Hyaluronic Moisturizing Capsule Cream 55 g","Medicube Hyaluronic Moisturizing Capsule Cream 55 g","in stock","new","2710 BDT","https://glamourstouch.com/product/9b4c3e14-f60d-4da3-9495-6ad222308ce9","https://fmcltrjnuvuooarkvufn.supabase.co/storage/v1/object/public/products/product-images/koba-9b4c3e14-f60d-4da3-9495-6ad222308ce9.jpg","Medicube","Health & Beauty > Personal Care > Cosmetics","https://m.me/1002146686323797?ref=9b4c3e14-f60d-4da3-9495-6ad222308ce9"
"579ce668-7a6c-4012-9ce0-3ee63a7d5f18","AXIS-Y Dark Spot Correcting Glow Cream 50 ml","Minimum Retail Selling Price: ৳ 1,600","in stock","new","1600 BDT","https://glamourstouch.com/product/579ce668-7a6c-4012-9ce0-3ee63a7d5f18","https://fmcltrjnuvuooarkvufn.supabase.co/storage/v1/object/public/products/product-images/koba-579ce668-7a6c-4012-9ce0-3ee63a7d5f18.jpg","AXIS-Y","Health & Beauty > Personal Care > Cosmetics","https://m.me/1002146686323797?ref=579ce668-7a6c-4012-9ce0-3ee63a7d5f18"
"5ed247c7-7d2b-4f53-8a73-df34a924797c","Medicube Kojic Acid Turmeric Night wrapping Mask 75 ml, Koria","","in stock","new","1850 BDT","https://glamourstouch.com/product/5ed247c7-7d2b-4f53-8a73-df34a924797c","https://fmcltrjnuvuooarkvufn.supabase.co/storage/v1/object/public/products/product-images/dc1aba23-709c-4e55-ae49-f4dfd8c2c460.jpg","Medicube","Health & Beauty > Personal Care > Cosmetics","https://m.me/1002146686323797?ref=5ed247c7-7d2b-4f53-8a73-df34a924797c"
"cc838827-f819-43ed-936c-9b50e225a818","The Face Shop Rice & Ceramide Moisturizing Cream 50ml ","","in stock","new","1180 BDT","https://glamourstouch.com/product/cc838827-f819-43ed-936c-9b50e225a818","https://fmcltrjnuvuooarkvufn.supabase.co/storage/v1/object/public/products/product-images/d5423ddf-67c5-4512-89cc-516827a0e90a.jpg","Face Shop ","Health & Beauty > Personal Care > Cosmetics","https://m.me/1002146686323797?ref=cc838827-f819-43ed-936c-9b50e225a818"
"cddfc278-796e-4e69-9a54-580c71d59f7a","Dabo Rice Peeling Gel 180 ml","Minimum Retail Selling Price: ৳ 950","in stock","new","1000 BDT","https://glamourstouch.com/product/cddfc278-796e-4e69-9a54-580c71d59f7a","https://fmcltrjnuvuooarkvufn.supabase.co/storage/v1/object/public/products/product-images/koba-cddfc278-796e-4e69-9a54-580c71d59f7a.jpg","Dabo","Health & Beauty > Personal Care > Cosmetics","https://m.me/1002146686323797?ref=cddfc278-796e-4e69-9a54-580c71d59f7a"
"052d5576-0f69-44af-a077-b03248276b0a","Dabo Rice Nature Collection Foam Cleanser 150 ml","Minimum Retail Selling Price: ৳ 700","in stock","new","830 BDT","https://glamourstouch.com/product/052d5576-0f69-44af-a077-b03248276b0a","https://fmcltrjnuvuooarkvufn.supabase.co/storage/v1/object/public/products/product-images/koba-052d5576-0f69-44af-a077-b03248276b0a.jpg","Dabo","Health & Beauty > Personal Care > Cosmetics","https://m.me/1002146686323797?ref=052d5576-0f69-44af-a077-b03248276b0a"
"4e26382e-2855-4d5a-b5e0-0de9b76be15a","Dabo Rice Ferment Foam 100 ml","৫০০ পিসের অধিক অর্ডারের স্পেশাল প্রাইসের জন্য আমাদের মেইল করুন","in stock","new","600 BDT","https://glamourstouch.com/product/4e26382e-2855-4d5a-b5e0-0de9b76be15a","https://fmcltrjnuvuooarkvufn.supabase.co/storage/v1/object/public/products/product-images/koba-4e26382e-2855-4d5a-b5e0-0de9b76be15a.jpg","Dabo","Health & Beauty > Personal Care > Cosmetics","https://m.me/1002146686323797?ref=4e26382e-2855-4d5a-b5e0-0de9b76be15a"
"24e39731-c626-40db-8b2c-ed55560826d4","Dabo Make Up No Sebum Rose Pact SPF36 PA+++ 23 Medium","Minimum Retail Selling Price: ৳ 800","in stock","new","860 BDT","https://glamourstouch.com/product/24e39731-c626-40db-8b2c-ed55560826d4","https://fmcltrjnuvuooarkvufn.supabase.co/storage/v1/object/public/products/product-images/koba-24e39731-c626-40db-8b2c-ed55560826d4.jpg","Dabo","Health & Beauty > Personal Care > Cosmetics","https://m.me/1002146686323797?ref=24e39731-c626-40db-8b2c-ed55560826d4"
"ce373cfa-0137-499c-a35b-4199de215e24","Dabo Make Up No Sebum Rose Pact SPF36 PA+++ 21 Light","Minimum Retail Selling Price: ৳ 800","in stock","new","860 BDT","https://glamourstouch.com/product/ce373cfa-0137-499c-a35b-4199de215e24","https://fmcltrjnuvuooarkvufn.supabase.co/storage/v1/object/public/products/product-images/koba-ce373cfa-0137-499c-a35b-4199de215e24.jpg","Dabo","Health & Beauty > Personal Care > Cosmetics","https://m.me/1002146686323797?ref=ce373cfa-0137-499c-a35b-4199de215e24"
"a70b2a2b-6185-4c87-84f7-a20da77e03fa","Dabo 30 Days Glutathione Snow White Melanope Toner 150 ml","Minimum Retail Selling Price: ৳ 1,450","in stock","new","1000 BDT","https://glamourstouch.com/product/a70b2a2b-6185-4c87-84f7-a20da77e03fa","https://fmcltrjnuvuooarkvufn.supabase.co/storage/v1/object/public/products/product-images/koba-a70b2a2b-6185-4c87-84f7-a20da77e03fa.jpg","Dabo","Health & Beauty > Personal Care > Cosmetics","https://m.me/1002146686323797?ref=a70b2a2b-6185-4c87-84f7-a20da77e03fa"
"660fb34c-98eb-4554-934d-81deeca5da11","MISSHA Cotton Sun Block SPF 50+ 50ml ","","in stock","new","820 BDT","https://glamourstouch.com/product/660fb34c-98eb-4554-934d-81deeca5da11","https://fmcltrjnuvuooarkvufn.supabase.co/storage/v1/object/public/products/product-images/7a421bc0-680c-42ba-9523-e941f29a8e73.jpg","MISSHA ","Health & Beauty > Personal Care > Cosmetics","https://m.me/1002146686323797?ref=660fb34c-98eb-4554-934d-81deeca5da11"
"833a3bd8-c44c-4d98-800c-ce1566b26059","Dabo For Men Black UV Force Tone Up Cream SPF 50+ PA+++ 50 ml","Minimum Retail Selling Price: ৳ 950","in stock","new","930 BDT","https://glamourstouch.com/product/833a3bd8-c44c-4d98-800c-ce1566b26059","https://fmcltrjnuvuooarkvufn.supabase.co/storage/v1/object/public/products/product-images/koba-833a3bd8-c44c-4d98-800c-ce1566b26059.jpg","Dabo","Health & Beauty > Personal Care > Cosmetics","https://m.me/1002146686323797?ref=833a3bd8-c44c-4d98-800c-ce1566b26059"
"fd0666f7-84f7-4b2a-a1f3-80da838c1dc5","Dabo Royal Caviar Time Off Serum 35 ml","Minimum Retail Selling Price: ৳ 1,100","in stock","new","1210 BDT","https://glamourstouch.com/product/fd0666f7-84f7-4b2a-a1f3-80da838c1dc5","https://fmcltrjnuvuooarkvufn.supabase.co/storage/v1/object/public/products/product-images/koba-fd0666f7-84f7-4b2a-a1f3-80da838c1dc5.jpg","Dabo","Health & Beauty > Personal Care > Cosmetics","https://m.me/1002146686323797?ref=fd0666f7-84f7-4b2a-a1f3-80da838c1dc5"
"3f4d0f2b-b975-4fd8-b096-27b311c2b08d","W. Skin Laboratory A.M Boosting Serum 30 ml","Minimum Retail Selling Price: ৳ 1,750","in stock","new","1640 BDT","https://glamourstouch.com/product/3f4d0f2b-b975-4fd8-b096-27b311c2b08d","https://fmcltrjnuvuooarkvufn.supabase.co/storage/v1/object/public/products/product-images/koba-3f4d0f2b-b975-4fd8-b096-27b311c2b08d.jpg","W.","Health & Beauty > Personal Care > Cosmetics","https://m.me/1002146686323797?ref=3f4d0f2b-b975-4fd8-b096-27b311c2b08d"
"f4ea3b58-9f8a-462f-b2c9-c0427da5ae65","Dabo Green Tomato Retinol 500 Iu Youth Serum 30 ml","Minimum Retail Selling Price: ৳ 1,100","in stock","new","1140 BDT","https://glamourstouch.com/product/f4ea3b58-9f8a-462f-b2c9-c0427da5ae65","https://fmcltrjnuvuooarkvufn.supabase.co/storage/v1/object/public/products/product-images/koba-f4ea3b58-9f8a-462f-b2c9-c0427da5ae65.jpg","Dabo","Health & Beauty > Personal Care > Cosmetics","https://m.me/1002146686323797?ref=f4ea3b58-9f8a-462f-b2c9-c0427da5ae65"
"252d0e25-48c8-40c8-bb23-0515d7163a8d","Anua Heartleaf Pore Control Cleansing Oil 200 ml","Minimum Retail Selling Price: ৳ 2,100","in stock","new","2400 BDT","https://glamourstouch.com/product/252d0e25-48c8-40c8-bb23-0515d7163a8d","https://fmcltrjnuvuooarkvufn.supabase.co/storage/v1/object/public/products/product-images/koba-252d0e25-48c8-40c8-bb23-0515d7163a8d.jpg","Anua","Health & Beauty > Personal Care > Cosmetics","https://m.me/1002146686323797?ref=252d0e25-48c8-40c8-bb23-0515d7163a8d"
"b85e9862-b3c3-407e-8af3-43239202b916","AXIS-Y Dark Spot Correcting Glow Serum 5ml ","","in stock","new","220 BDT","https://glamourstouch.com/product/b85e9862-b3c3-407e-8af3-43239202b916","https://fmcltrjnuvuooarkvufn.supabase.co/storage/v1/object/public/products/product-images/33973dd9-21c8-4c66-ac56-994c09cc167c.jpg","AXIS-Y ","Health & Beauty > Personal Care > Cosmetics","https://m.me/1002146686323797?ref=b85e9862-b3c3-407e-8af3-43239202b916"
"e19e2f4e-f194-4c03-b485-e8e5f46c27fb","Dabo All In One Black Snail Repair Cream 100 g ","","in stock","new","1080 BDT","https://glamourstouch.com/product/e19e2f4e-f194-4c03-b485-e8e5f46c27fb","https://fmcltrjnuvuooarkvufn.supabase.co/storage/v1/object/public/products/product-images/6e841470-730f-4574-aa1b-e4f9d1c4f85e.jpg","Dabo","Health & Beauty > Personal Care > Cosmetics","https://m.me/1002146686323797?ref=e19e2f4e-f194-4c03-b485-e8e5f46c27fb"
"d95759b7-d7a2-422b-af44-8f5d31190e3e","The Face Shop Rice Water Bright Foaming Cleanser 100 ml , Koria","","in stock","new","620 BDT","https://glamourstouch.com/product/d95759b7-d7a2-422b-af44-8f5d31190e3e","https://fmcltrjnuvuooarkvufn.supabase.co/storage/v1/object/public/products/product-images/0e0b887a-abca-4887-be50-8a1ae11b20e8.jpg","The Face Shop","Health & Beauty > Personal Care > Cosmetics","https://m.me/1002146686323797?ref=d95759b7-d7a2-422b-af44-8f5d31190e3e"
"5f6ff399-9dd8-4258-8663-138901b4332e","Medicube Txa Niacinamide Capsule Cream 55 g ","","in stock","new","2355 BDT","https://glamourstouch.com/product/5f6ff399-9dd8-4258-8663-138901b4332e","https://fmcltrjnuvuooarkvufn.supabase.co/storage/v1/object/public/products/product-images/a86771ac-941e-4a14-b2a0-8a763ef3e760.jpg","Medicube","Health & Beauty > Personal Care > Cosmetics","https://m.me/1002146686323797?ref=5f6ff399-9dd8-4258-8663-138901b4332e"
"9bf95571-8a62-47dd-9d5c-4f7835161202","Medicube Glutathione Glow Serum 30 g, Koria","","in stock","new","1720 BDT","https://glamourstouch.com/product/9bf95571-8a62-47dd-9d5c-4f7835161202","https://fmcltrjnuvuooarkvufn.supabase.co/storage/v1/object/public/products/product-images/af61fdf6-6c6b-4aa8-9b39-0400afc04152.jpg","Medicube","Health & Beauty > Personal Care > Cosmetics","https://m.me/1002146686323797?ref=9bf95571-8a62-47dd-9d5c-4f7835161202"
"34832e76-2506-4d15-81d1-cd206aac13cb","Dabo 30 Days Greentea Avocado Nourishing Toner 150 ml","Minimum Retail Selling Price: ৳ 1080","in stock","new","1000 BDT","https://glamourstouch.com/product/34832e76-2506-4d15-81d1-cd206aac13cb","https://fmcltrjnuvuooarkvufn.supabase.co/storage/v1/object/public/products/product-images/koba-34832e76-2506-4d15-81d1-cd206aac13cb.jpg","Dabo","Health & Beauty > Personal Care > Cosmetics","https://m.me/1002146686323797?ref=34832e76-2506-4d15-81d1-cd206aac13cb"
"0c4a999b-79c5-481a-ae73-6a335d1bfc63","Green Finger Panthedin Derma Cream 100 ml","Minimum Retail Selling Price: ৳ 1,250","in stock","new","1190 BDT","https://glamourstouch.com/product/0c4a999b-79c5-481a-ae73-6a335d1bfc63","https://fmcltrjnuvuooarkvufn.supabase.co/storage/v1/object/public/products/product-images/koba-0c4a999b-79c5-481a-ae73-6a335d1bfc63.jpg","Green","Health & Beauty > Personal Care > Cosmetics","https://m.me/1002146686323797?ref=0c4a999b-79c5-481a-ae73-6a335d1bfc63"
"57601d1e-4868-4bd7-bd4d-2e51eb664569","Green Finger Outdoor Washable Sun Cream 80ml","Minimum Retail Selling Price: ৳ 1,150","in stock","new","1210 BDT","https://glamourstouch.com/product/57601d1e-4868-4bd7-bd4d-2e51eb664569","https://fmcltrjnuvuooarkvufn.supabase.co/storage/v1/object/public/products/product-images/koba-57601d1e-4868-4bd7-bd4d-2e51eb664569.jpg","Green","Health & Beauty > Personal Care > Cosmetics","https://m.me/1002146686323797?ref=57601d1e-4868-4bd7-bd4d-2e51eb664569"
"8f077034-3995-49b4-aa70-9a60286a518a","Green Finger Panthedin Derma Cream 200 ml","Minimum Retail Selling Price: ৳ 1,850","in stock","new","1830 BDT","https://glamourstouch.com/product/8f077034-3995-49b4-aa70-9a60286a518a","https://fmcltrjnuvuooarkvufn.supabase.co/storage/v1/object/public/products/product-images/koba-8f077034-3995-49b4-aa70-9a60286a518a.jpg","Green","Health & Beauty > Personal Care > Cosmetics","https://m.me/1002146686323797?ref=8f077034-3995-49b4-aa70-9a60286a518a"
"3131a4aa-9463-4a87-b1bb-355461264909","Green Finger Chokchok Natural Moisturizing Baby Lotion 320 ml","Minimum Retail Selling Price: ৳ 1,580","in stock","new","1710 BDT","https://glamourstouch.com/product/3131a4aa-9463-4a87-b1bb-355461264909","https://fmcltrjnuvuooarkvufn.supabase.co/storage/v1/object/public/products/product-images/koba-3131a4aa-9463-4a87-b1bb-355461264909.jpg","Green","Health & Beauty > Personal Care > Cosmetics","https://m.me/1002146686323797?ref=3131a4aa-9463-4a87-b1bb-355461264909"
"e851b12f-b082-4464-b775-3734ab4413ba","Dabo Charcoal Cleansing Foam 150 ml","Minimum Retail Selling Price: ৳ 700","in stock","new","830 BDT","https://glamourstouch.com/product/e851b12f-b082-4464-b775-3734ab4413ba","https://fmcltrjnuvuooarkvufn.supabase.co/storage/v1/object/public/products/product-images/koba-e851b12f-b082-4464-b775-3734ab4413ba.jpg","Dabo","Health & Beauty > Personal Care > Cosmetics","https://m.me/1002146686323797?ref=e851b12f-b082-4464-b775-3734ab4413ba"
"5896292f-21ea-4aed-97c9-5caef2b9d0f8","Dabo Natural Rich Foam Cleanser Argan 180ml","Minimum Retail Selling Price: ৳ 950","in stock","new","970 BDT","https://glamourstouch.com/product/5896292f-21ea-4aed-97c9-5caef2b9d0f8","https://fmcltrjnuvuooarkvufn.supabase.co/storage/v1/object/public/products/product-images/koba-5896292f-21ea-4aed-97c9-5caef2b9d0f8.jpg","Dabo","Health & Beauty > Personal Care > Cosmetics","https://m.me/1002146686323797?ref=5896292f-21ea-4aed-97c9-5caef2b9d0f8"
"b2b8e834-126d-4bd7-8238-9bd070753522","Dabo Aloe Vera Calming Gel Cleanser 150ml","Minimum Retail Selling Price: ৳ 750","in stock","new","950 BDT","https://glamourstouch.com/product/b2b8e834-126d-4bd7-8238-9bd070753522","https://fmcltrjnuvuooarkvufn.supabase.co/storage/v1/object/public/products/product-images/koba-b2b8e834-126d-4bd7-8238-9bd070753522.jpg","Dabo","Health & Beauty > Personal Care > Cosmetics","https://m.me/1002146686323797?ref=b2b8e834-126d-4bd7-8238-9bd070753522"
"99c2c79d-3d33-495a-94d4-de6da717324c","Nature Skin Jeju Green Tea CICA Hydrating Facial Foam 152 mL","Minimum Retail Selling Price: ৳ 800","in stock","new","830 BDT","https://glamourstouch.com/product/99c2c79d-3d33-495a-94d4-de6da717324c","https://fmcltrjnuvuooarkvufn.supabase.co/storage/v1/object/public/products/product-images/koba-99c2c79d-3d33-495a-94d4-de6da717324c.jpg","Nature Skin","Health & Beauty > Personal Care > Cosmetics","https://m.me/1002146686323797?ref=99c2c79d-3d33-495a-94d4-de6da717324c"
"19be6427-5bbc-4b9a-8ae3-0582db644ebc","Medicube Pdrn Pink Peptide Serum 30 ml ","","in stock","new","1950 BDT","https://glamourstouch.com/product/19be6427-5bbc-4b9a-8ae3-0582db644ebc","https://fmcltrjnuvuooarkvufn.supabase.co/storage/v1/object/public/products/product-images/a90f97eb-3c8d-4d81-b8f1-cd063b0b48ce.jpg","Medicube","Health & Beauty > Personal Care > Cosmetics","https://m.me/1002146686323797?ref=19be6427-5bbc-4b9a-8ae3-0582db644ebc"
"2cbd3df3-b386-4eb5-88ad-c74a4120ffde","Medicube AGE-R Glutathione Glow Capsule Cream 50 ml, Koria","","in stock","new","2250 BDT","https://glamourstouch.com/product/2cbd3df3-b386-4eb5-88ad-c74a4120ffde","https://fmcltrjnuvuooarkvufn.supabase.co/storage/v1/object/public/products/product-images/b1d743c2-2c52-4edc-b706-fdd19d756108.jpg","Medicub","Health & Beauty > Personal Care > Cosmetics","https://m.me/1002146686323797?ref=2cbd3df3-b386-4eb5-88ad-c74a4120ffde"
"6ac70693-4f67-4be9-86e3-98f2e8501290","Dabo T-Tree Cica Relief Moisturizer Cream 50 ml","Minimum Retail Selling Price: ৳ 1150","in stock","new","1000 BDT","https://glamourstouch.com/product/6ac70693-4f67-4be9-86e3-98f2e8501290","https://fmcltrjnuvuooarkvufn.supabase.co/storage/v1/object/public/products/product-images/koba-6ac70693-4f67-4be9-86e3-98f2e8501290.jpg","Dabo","Health & Beauty > Personal Care > Cosmetics","https://m.me/1002146686323797?ref=6ac70693-4f67-4be9-86e3-98f2e8501290"
"461d8149-4848-4e06-85c3-af26e8df880f","Yuhan Antiphlamine S Massage Lotion 100 ml","Minimum Retail Selling Price: ৳ 850","in stock","new","930 BDT","https://glamourstouch.com/product/461d8149-4848-4e06-85c3-af26e8df880f","https://fmcltrjnuvuooarkvufn.supabase.co/storage/v1/object/public/products/product-images/koba-461d8149-4848-4e06-85c3-af26e8df880f.jpg","Yuhan","Health & Beauty > Personal Care > Cosmetics","https://m.me/1002146686323797?ref=461d8149-4848-4e06-85c3-af26e8df880f"
"8aa2e81f-5f55-4a6c-b485-0a12db6990a3","Innisfree Cherry Blossom Glow Jelly Cream 50ml","Minimum Retail Selling Price: ৳ 1,650","in stock","new","1830 BDT","https://glamourstouch.com/product/8aa2e81f-5f55-4a6c-b485-0a12db6990a3","https://fmcltrjnuvuooarkvufn.supabase.co/storage/v1/object/public/products/product-images/koba-8aa2e81f-5f55-4a6c-b485-0a12db6990a3.jpg","Innisfree","Health & Beauty > Personal Care > Cosmetics","https://m.me/1002146686323797?ref=8aa2e81f-5f55-4a6c-b485-0a12db6990a3"
"6639a792-d8da-4fc4-b6de-cfe4e1dd5b17","Beauty Of Joseon Relief Sun: Rice Probiotics Spf 50+ PA++++ 10 ml","Minimum Retail Selling Price: ৳ 400","in stock","new","430 BDT","https://glamourstouch.com/product/6639a792-d8da-4fc4-b6de-cfe4e1dd5b17","https://fmcltrjnuvuooarkvufn.supabase.co/storage/v1/object/public/products/product-images/koba-6639a792-d8da-4fc4-b6de-cfe4e1dd5b17.jpg","Beauty of Joseon","Health & Beauty > Personal Care > Cosmetics","https://m.me/1002146686323797?ref=6639a792-d8da-4fc4-b6de-cfe4e1dd5b17"
"ab4730b4-106b-429c-9a7f-a079dbfaf76a","ILLIYOON Ceramide Ato Lotion 50 ml","Minimum Retail Selling Price: ৳ 650","in stock","new","690 BDT","https://glamourstouch.com/product/ab4730b4-106b-429c-9a7f-a079dbfaf76a","https://fmcltrjnuvuooarkvufn.supabase.co/storage/v1/object/public/products/product-images/koba-ab4730b4-106b-429c-9a7f-a079dbfaf76a.jpg","Illiyoon","Health & Beauty > Personal Care > Cosmetics","https://m.me/1002146686323797?ref=ab4730b4-106b-429c-9a7f-a079dbfaf76a"
"ddb50419-fcde-40d8-b8fa-38d3fd1fd540","ILLIYOON Ceramide Ato Soothing Gel 30 ml","Minimum Retail Selling Price: ৳ 650","in stock","new","690 BDT","https://glamourstouch.com/product/ddb50419-fcde-40d8-b8fa-38d3fd1fd540","https://fmcltrjnuvuooarkvufn.supabase.co/storage/v1/object/public/products/product-images/koba-ddb50419-fcde-40d8-b8fa-38d3fd1fd540.jpg","Illiyoon","Health & Beauty > Personal Care > Cosmetics","https://m.me/1002146686323797?ref=ddb50419-fcde-40d8-b8fa-38d3fd1fd540"
"438f64ea-36c7-42ea-ba64-47743a606208","Illiyoon Ceramide Ato Concentrate Cream 30ml","Minimum Retail Selling Price: ৳ 650","in stock","new","690 BDT","https://glamourstouch.com/product/438f64ea-36c7-42ea-ba64-47743a606208","https://fmcltrjnuvuooarkvufn.supabase.co/storage/v1/object/public/products/product-images/koba-438f64ea-36c7-42ea-ba64-47743a606208.jpg","Illiyoon","Health & Beauty > Personal Care > Cosmetics","https://m.me/1002146686323797?ref=438f64ea-36c7-42ea-ba64-47743a606208"
"f81e4233-3005-463e-82f3-e98be59f05d4","Illiyoon Ceramide Ato Concentrate Cream 150 ml","Minimum Retail Selling Price: ৳ 1,650","in stock","new","2000 BDT","https://glamourstouch.com/product/f81e4233-3005-463e-82f3-e98be59f05d4","https://fmcltrjnuvuooarkvufn.supabase.co/storage/v1/object/public/products/product-images/koba-f81e4233-3005-463e-82f3-e98be59f05d4.jpg","Illiyoon","Health & Beauty > Personal Care > Cosmetics","https://m.me/1002146686323797?ref=f81e4233-3005-463e-82f3-e98be59f05d4"
"29d470b4-dd0d-4a84-bc7a-7fae43aa8ff8","Illiyoon Ceramide Ato Concentrate Cream 500ml","Minimum Retail Selling Price: ৳ 3,500","in stock","new","4640 BDT","https://glamourstouch.com/product/29d470b4-dd0d-4a84-bc7a-7fae43aa8ff8","https://fmcltrjnuvuooarkvufn.supabase.co/storage/v1/object/public/products/product-images/koba-29d470b4-dd0d-4a84-bc7a-7fae43aa8ff8.jpg","Illiyoon","Health & Beauty > Personal Care > Cosmetics","https://m.me/1002146686323797?ref=29d470b4-dd0d-4a84-bc7a-7fae43aa8ff8"
"748dd3fe-f941-464c-8b15-aa5bc723d371","Illiyoon Ceramide Ato Concentrate Cream 200 ml","Minimum Retail Selling Price: ৳ 2,100","in stock","new","2640 BDT","https://glamourstouch.com/product/748dd3fe-f941-464c-8b15-aa5bc723d371","https://fmcltrjnuvuooarkvufn.supabase.co/storage/v1/object/public/products/product-images/koba-748dd3fe-f941-464c-8b15-aa5bc723d371.jpg","Illiyoon","Health & Beauty > Personal Care > Cosmetics","https://m.me/1002146686323797?ref=748dd3fe-f941-464c-8b15-aa5bc723d371"
"0e9e368c-e5fd-4870-ae2a-e0f7f02f7067","Nature Skin Advanced Snail 4 in one Repairing Cream 102ml","Minimum Retail Selling Price: ৳ 1,080","in stock","new","1190 BDT","https://glamourstouch.com/product/0e9e368c-e5fd-4870-ae2a-e0f7f02f7067","https://fmcltrjnuvuooarkvufn.supabase.co/storage/v1/object/public/products/product-images/koba-0e9e368c-e5fd-4870-ae2a-e0f7f02f7067.jpg","Nature Skin","Health & Beauty > Personal Care > Cosmetics","https://m.me/1002146686323797?ref=0e9e368c-e5fd-4870-ae2a-e0f7f02f7067"
"46526ee4-aa58-425c-851f-f614a419d475","Dabo White Moringa Cooling & Soothing Gel 180 ml","Minimum Retail Selling Price: ৳ 800","in stock","new","900 BDT","https://glamourstouch.com/product/46526ee4-aa58-425c-851f-f614a419d475","https://fmcltrjnuvuooarkvufn.supabase.co/storage/v1/object/public/products/product-images/koba-46526ee4-aa58-425c-851f-f614a419d475.jpg","Dabo","Health & Beauty > Personal Care > Cosmetics","https://m.me/1002146686323797?ref=46526ee4-aa58-425c-851f-f614a419d475"
"f0e7eacc-a816-43d6-b1b9-b572345de763","Dabo Watermelon Pure Soothing Gel 300g","Minimum Retail Selling Price: ৳ 980","in stock","new","1070 BDT","https://glamourstouch.com/product/f0e7eacc-a816-43d6-b1b9-b572345de763","https://fmcltrjnuvuooarkvufn.supabase.co/storage/v1/object/public/products/product-images/koba-f0e7eacc-a816-43d6-b1b9-b572345de763.jpg","Dabo","Health & Beauty > Personal Care > Cosmetics","https://m.me/1002146686323797?ref=f0e7eacc-a816-43d6-b1b9-b572345de763"
"75154864-9dcd-4674-b95a-dc4f09698848","Beaute Melasma-X Glutathione White Cica Ampoule 30  ml","Beaute Melasma-X Glutathione White Cica Ampoule 30 ml","in stock","new","900 BDT","https://glamourstouch.com/product/75154864-9dcd-4674-b95a-dc4f09698848","https://fmcltrjnuvuooarkvufn.supabase.co/storage/v1/object/public/products/product-images/koba-75154864-9dcd-4674-b95a-dc4f09698848.jpg","Beaute","Health & Beauty > Personal Care > Cosmetics","https://m.me/1002146686323797?ref=75154864-9dcd-4674-b95a-dc4f09698848"
"5d7278e2-c596-4a28-9516-30bc5c76db04","Dabo T-Tree Cica Calming Ampoule 28 ml","Minimum Retail Selling Price: ৳ 800","in stock","new","790 BDT","https://glamourstouch.com/product/5d7278e2-c596-4a28-9516-30bc5c76db04","https://fmcltrjnuvuooarkvufn.supabase.co/storage/v1/object/public/products/product-images/koba-5d7278e2-c596-4a28-9516-30bc5c76db04.jpg","Dabo","Health & Beauty > Personal Care > Cosmetics","https://m.me/1002146686323797?ref=5d7278e2-c596-4a28-9516-30bc5c76db04"
"59f87d6a-8b32-4e7b-8596-e9cecae62dd0","Anjo Professional 24K Gold Heritage Ampoule 90 ml","Minimum Retail Selling Price: ৳ 2350","in stock","new","2640 BDT","https://glamourstouch.com/product/59f87d6a-8b32-4e7b-8596-e9cecae62dd0","https://fmcltrjnuvuooarkvufn.supabase.co/storage/v1/object/public/products/product-images/koba-59f87d6a-8b32-4e7b-8596-e9cecae62dd0.jpg","Anjo","Health & Beauty > Personal Care > Cosmetics","https://m.me/1002146686323797?ref=59f87d6a-8b32-4e7b-8596-e9cecae62dd0"
"12b0d310-86bb-442e-bf29-8d668143fe3f","Dabo T-Tree Cica Clear Toner 125 ml","Minimum Retail Selling Price: ৳ 1,080","in stock","new","1070 BDT","https://glamourstouch.com/product/12b0d310-86bb-442e-bf29-8d668143fe3f","https://fmcltrjnuvuooarkvufn.supabase.co/storage/v1/object/public/products/product-images/koba-12b0d310-86bb-442e-bf29-8d668143fe3f.jpg","Dabo","Health & Beauty > Personal Care > Cosmetics","https://m.me/1002146686323797?ref=12b0d310-86bb-442e-bf29-8d668143fe3f"
"77733c94-999b-40a2-8b2e-d85ba9235fa5","Missha AQUA Sun SPF50+ PA ++++ 50 ml ","","in stock","new","820 BDT","https://glamourstouch.com/product/77733c94-999b-40a2-8b2e-d85ba9235fa5","https://fmcltrjnuvuooarkvufn.supabase.co/storage/v1/object/public/products/product-images/ed3c8efc-5273-4feb-9318-57b5e55ca606.jpg","Missha","Health & Beauty > Personal Care > Cosmetics","https://m.me/1002146686323797?ref=77733c94-999b-40a2-8b2e-d85ba9235fa5"
"6589596c-a02f-4789-850e-61b56c685624","Missha Essence Sun Milk Ex SPF50+ PA+++ 70 ml","Minimum Retail Selling Price: ৳ 1,150","in stock","new","1390 BDT","https://glamourstouch.com/product/6589596c-a02f-4789-850e-61b56c685624","https://fmcltrjnuvuooarkvufn.supabase.co/storage/v1/object/public/products/product-images/koba-6589596c-a02f-4789-850e-61b56c685624.jpg","Missha","Health & Beauty > Personal Care > Cosmetics","https://m.me/1002146686323797?ref=6589596c-a02f-4789-850e-61b56c685624"
"67d26044-b217-4b8e-86e9-82104df6b2af","3w Clinic Collagen & Luxury Gold Revitalizing Comfort Gold Cream  100ml","Minimum Retail Selling Price: ৳1450","in stock","new","1640 BDT","https://glamourstouch.com/product/67d26044-b217-4b8e-86e9-82104df6b2af","https://fmcltrjnuvuooarkvufn.supabase.co/storage/v1/object/public/products/product-images/koba-67d26044-b217-4b8e-86e9-82104df6b2af.jpg","3w Clinic","Health & Beauty > Personal Care > Cosmetics","https://m.me/1002146686323797?ref=67d26044-b217-4b8e-86e9-82104df6b2af"
"e3580d00-b524-4046-84ae-5d65cf142dcc","Banila Co Clean it Zero Cleansing Balm original  7 ml","Minimum Retail Selling Price: ৳ 280","in stock","new","260 BDT","https://glamourstouch.com/product/e3580d00-b524-4046-84ae-5d65cf142dcc","https://fmcltrjnuvuooarkvufn.supabase.co/storage/v1/object/public/products/product-images/koba-e3580d00-b524-4046-84ae-5d65cf142dcc.jpg","Banila","Health & Beauty > Personal Care > Cosmetics","https://m.me/1002146686323797?ref=e3580d00-b524-4046-84ae-5d65cf142dcc"
"eee50e2e-45dd-4a2b-9057-087024b534c1","Medicube Kojic Acid Turmeric Vita Capsule Cream 53 g, Koria","","in stock","new","2700 BDT","https://glamourstouch.com/product/eee50e2e-45dd-4a2b-9057-087024b534c1","https://fmcltrjnuvuooarkvufn.supabase.co/storage/v1/object/public/products/product-images/581f419f-d811-41df-a040-45fa8948ad7b.jpg","Medicube","Health & Beauty > Personal Care > Cosmetics","https://m.me/1002146686323797?ref=eee50e2e-45dd-4a2b-9057-087024b534c1"
"6cf58b94-f544-462a-90bb-9c8e0cadf140","Nature Skin Embossing Beauty Cotton Puff 100 Sheets","Minimum Retail Selling Price: ৳ 280","in stock","new","240 BDT","https://glamourstouch.com/product/6cf58b94-f544-462a-90bb-9c8e0cadf140","https://fmcltrjnuvuooarkvufn.supabase.co/storage/v1/object/public/products/product-images/koba-6cf58b94-f544-462a-90bb-9c8e0cadf140.jpg","Nature Skin","Health & Beauty > Personal Care > Cosmetics","https://m.me/1002146686323797?ref=6cf58b94-f544-462a-90bb-9c8e0cadf140"
"ee6d028d-4dc4-4de8-95b6-2e00557f041f","Missha Amazon Red Clay Pore Mask 110 ml","Minimum Retail Selling Price: ৳ 1,350","in stock","new","1500 BDT","https://glamourstouch.com/product/ee6d028d-4dc4-4de8-95b6-2e00557f041f","https://fmcltrjnuvuooarkvufn.supabase.co/storage/v1/object/public/products/product-images/koba-ee6d028d-4dc4-4de8-95b6-2e00557f041f.jpg","Missha","Health & Beauty > Personal Care > Cosmetics","https://m.me/1002146686323797?ref=ee6d028d-4dc4-4de8-95b6-2e00557f041f"
"b27093af-8c39-487e-a2be-a6546c33fe5b","ILLIYOON Oil Smoothing Soap 80 g","Minimum Retail Selling Price: ৳ 480","in stock","new","530 BDT","https://glamourstouch.com/product/b27093af-8c39-487e-a2be-a6546c33fe5b","https://fmcltrjnuvuooarkvufn.supabase.co/storage/v1/object/public/products/product-images/koba-b27093af-8c39-487e-a2be-a6546c33fe5b.jpg","Illiyoon","Health & Beauty > Personal Care > Cosmetics","https://m.me/1002146686323797?ref=b27093af-8c39-487e-a2be-a6546c33fe5b"
"46bd6d32-ab6a-4e86-bb85-e5589dca0f6a","Illiyoon Hyaluronic Moisture Cream 100ml","Minimum Retail Selling Price: ৳ 1,650","in stock","new","1900 BDT","https://glamourstouch.com/product/46bd6d32-ab6a-4e86-bb85-e5589dca0f6a","https://fmcltrjnuvuooarkvufn.supabase.co/storage/v1/object/public/products/product-images/koba-46bd6d32-ab6a-4e86-bb85-e5589dca0f6a.jpg","Illiyoon","Health & Beauty > Personal Care > Cosmetics","https://m.me/1002146686323797?ref=46bd6d32-ab6a-4e86-bb85-e5589dca0f6a"
"c9217e41-9a10-4f30-b1da-d26ab7564e07","Dabo 7 In 1 Cooling Soothing Cream 80 ml ","","in stock","new","990 BDT","https://glamourstouch.com/product/c9217e41-9a10-4f30-b1da-d26ab7564e07","https://fmcltrjnuvuooarkvufn.supabase.co/storage/v1/object/public/products/product-images/4ab07185-4f97-4b0d-8092-69adecc8a711.jpg","Dabo","Health & Beauty > Personal Care > Cosmetics","https://m.me/1002146686323797?ref=c9217e41-9a10-4f30-b1da-d26ab7564e07"
"562aab2a-5934-454a-b3f4-cf9517662b37","Dabo White Sun Block Cream 50+ PA++ 70 ml ","","in stock","new","580 BDT","https://glamourstouch.com/product/562aab2a-5934-454a-b3f4-cf9517662b37","https://fmcltrjnuvuooarkvufn.supabase.co/storage/v1/object/public/products/product-images/320089c8-9591-4f36-b53c-a02a51ba3fc3.jpg","Dabo","Health & Beauty > Personal Care > Cosmetics","https://m.me/1002146686323797?ref=562aab2a-5934-454a-b3f4-cf9517662b37"
"abecdd9f-8d34-4317-8af2-76e7e74bee98","I’m from Rice toner 150 ml ","","in stock","new","1900 BDT","https://glamourstouch.com/product/abecdd9f-8d34-4317-8af2-76e7e74bee98","https://fmcltrjnuvuooarkvufn.supabase.co/storage/v1/object/public/products/product-images/5c040192-5cd5-4b67-a989-5fd8de707785.jpg","Rice","Health & Beauty > Personal Care > Cosmetics","https://m.me/1002146686323797?ref=abecdd9f-8d34-4317-8af2-76e7e74bee98"
"b0982d03-a262-4048-b60f-5abe26c13d46","Dabo Vita C AHA Plus Clear Whip Foam 150 ml","Minimum Retail Selling Price: ৳ 800","in stock","new","860 BDT","https://glamourstouch.com/product/b0982d03-a262-4048-b60f-5abe26c13d46","https://fmcltrjnuvuooarkvufn.supabase.co/storage/v1/object/public/products/product-images/koba-b0982d03-a262-4048-b60f-5abe26c13d46.jpg","Dabo","Health & Beauty > Personal Care > Cosmetics","https://m.me/1002146686323797?ref=b0982d03-a262-4048-b60f-5abe26c13d46"
"5c5fe41a-aab5-4556-a9d9-b95b8842e705","Dabo Tea Tree Nature Collection Foam Cleansing 150ml","Minimum Retail Selling Price: ৳ 750","in stock","new","830 BDT","https://glamourstouch.com/product/5c5fe41a-aab5-4556-a9d9-b95b8842e705","https://fmcltrjnuvuooarkvufn.supabase.co/storage/v1/object/public/products/product-images/koba-5c5fe41a-aab5-4556-a9d9-b95b8842e705.jpg","Dabo","Health & Beauty > Personal Care > Cosmetics","https://m.me/1002146686323797?ref=5c5fe41a-aab5-4556-a9d9-b95b8842e705"
"7da2f2c9-5e97-4a29-9c0d-f0fb92b934aa","Foodaholic Aroma Oil Grape Body Essence Oil 465ml","Minimum Retail Selling Price: ৳ 1,300","in stock","new","1490 BDT","https://glamourstouch.com/product/7da2f2c9-5e97-4a29-9c0d-f0fb92b934aa","https://fmcltrjnuvuooarkvufn.supabase.co/storage/v1/object/public/products/product-images/koba-7da2f2c9-5e97-4a29-9c0d-f0fb92b934aa.jpg","Foodaholic","Health & Beauty > Personal Care > Cosmetics","https://m.me/1002146686323797?ref=7da2f2c9-5e97-4a29-9c0d-f0fb92b934aa"
"74de41d9-cec2-4e21-852f-c278c2e41e36","Foodaholic Aroma Oil Aloe Body Essence Oil 465ml","Minimum Retail Selling Price: ৳ 1,300","in stock","new","1490 BDT","https://glamourstouch.com/product/74de41d9-cec2-4e21-852f-c278c2e41e36","https://fmcltrjnuvuooarkvufn.supabase.co/storage/v1/object/public/products/product-images/koba-74de41d9-cec2-4e21-852f-c278c2e41e36.jpg","Foodaholic","Health & Beauty > Personal Care > Cosmetics","https://m.me/1002146686323797?ref=74de41d9-cec2-4e21-852f-c278c2e41e36"
"66c41783-2f4a-4e7a-b6d5-b0fed18d46c6","The Ordinary Niacinamide 10% + Zinc 1% 30 ml ","","in stock","new","1220 BDT","https://glamourstouch.com/product/66c41783-2f4a-4e7a-b6d5-b0fed18d46c6","https://fmcltrjnuvuooarkvufn.supabase.co/storage/v1/object/public/products/product-images/9d889534-4a41-417a-808c-a6169b84b8e1.jpg","The Abnormal Beauty Company","Health & Beauty > Personal Care > Cosmetics","https://m.me/1002146686323797?ref=66c41783-2f4a-4e7a-b6d5-b0fed18d46c6"
"1bd2d510-f315-4f36-ac4a-f08fe3790922"," Dabo Rice Ferment Foam 100 ml Dabo Rice Ferment Foam 100 ml","","in stock","new","500 BDT","https://glamourstouch.com/product/1bd2d510-f315-4f36-ac4a-f08fe3790922","https://fmcltrjnuvuooarkvufn.supabase.co/storage/v1/object/public/products/product-images/cb8f73ec-e05f-4799-a943-d86b05908f0d.jpg"," Dabo","Health & Beauty > Personal Care > Cosmetics","https://m.me/1002146686323797?ref=1bd2d510-f315-4f36-ac4a-f08fe3790922"
"0e1a005a-147e-40b2-92ba-bd404bb76b05","Dabo UV Protection Collagen Lifting Sun Cream Spf 50+ PA+++ 70 ml ","","in stock","new","550 BDT","https://glamourstouch.com/product/0e1a005a-147e-40b2-92ba-bd404bb76b05","https://fmcltrjnuvuooarkvufn.supabase.co/storage/v1/object/public/products/product-images/ca68dbd4-bf8b-4d79-877a-1927af60b97d.jpg","Dabo","Health & Beauty > Personal Care > Cosmetics","https://m.me/1002146686323797?ref=0e1a005a-147e-40b2-92ba-bd404bb76b05"
"1504dacf-ae28-4ebb-9a7a-bcce140fefae","Aplb Glutathione Niacinamide Body Lotion 300ml ","","in stock","new","1450 BDT","https://glamourstouch.com/product/1504dacf-ae28-4ebb-9a7a-bcce140fefae","https://fmcltrjnuvuooarkvufn.supabase.co/storage/v1/object/public/products/product-images/63c3e7e4-ffd8-4a61-96ea-afbe69bcd2aa.jpg","Aplb","Health & Beauty > Personal Care > Cosmetics","https://m.me/1002146686323797?ref=1504dacf-ae28-4ebb-9a7a-bcce140fefae"
"58195042-e6ed-43ec-971a-0ac126434c54","Dabo 7 In 1 Multi Cica Foam Cleanser 180 ml","Minimum Retail Selling Price: ৳ 950","in stock","new","960 BDT","https://glamourstouch.com/product/58195042-e6ed-43ec-971a-0ac126434c54","https://fmcltrjnuvuooarkvufn.supabase.co/storage/v1/object/public/products/product-images/koba-58195042-e6ed-43ec-971a-0ac126434c54.jpg","Dabo","Health & Beauty > Personal Care > Cosmetics","https://m.me/1002146686323797?ref=58195042-e6ed-43ec-971a-0ac126434c54"
"752e606b-2d13-4573-b115-ec44812a8f1f","Beauty Of Joseon Relief Sun: Rice + Probiotics SPF 50+ PA++++ (50 ml) ","","in stock","new","1560 BDT","https://glamourstouch.com/product/752e606b-2d13-4573-b115-ec44812a8f1f","https://fmcltrjnuvuooarkvufn.supabase.co/storage/v1/object/public/products/product-images/fd953fed-7df4-4d0a-8854-d8031183e09b.jpg","Beauty Of Joseon","Health & Beauty > Personal Care > Cosmetics","https://m.me/1002146686323797?ref=752e606b-2d13-4573-b115-ec44812a8f1f"
"8491b6e3-ba66-44ab-832d-2bb22611ba2d","Cosrx Ultimate Nourishing Rice Overnight Spa Mask 60 ml","Minimum Retail Selling Price: ৳ 1200","in stock","new","1540 BDT","https://glamourstouch.com/product/8491b6e3-ba66-44ab-832d-2bb22611ba2d","https://fmcltrjnuvuooarkvufn.supabase.co/storage/v1/object/public/products/product-images/koba-8491b6e3-ba66-44ab-832d-2bb22611ba2d.jpg","Cosrx","Health & Beauty > Personal Care > Cosmetics","https://m.me/1002146686323797?ref=8491b6e3-ba66-44ab-832d-2bb22611ba2d"
"df1bb2a4-83df-4ec4-bd20-2878a2099156","Medicube Zero Pore Cream 2.0 50 ml, Koria","","in stock","new","1750 BDT","https://glamourstouch.com/product/df1bb2a4-83df-4ec4-bd20-2878a2099156","https://fmcltrjnuvuooarkvufn.supabase.co/storage/v1/object/public/products/product-images/a275f0c3-e084-4bff-931b-88d53a87a3b2.jpg","Medicube","Health & Beauty > Personal Care > Cosmetics","https://m.me/1002146686323797?ref=df1bb2a4-83df-4ec4-bd20-2878a2099156"
"611192dd-83e9-4449-b32d-13831909692f","I'm from Rice Whip Facial Cleanser  150 ml","Minimum Retail Selling Price: ৳ 1550","in stock","new","1540 BDT","https://glamourstouch.com/product/611192dd-83e9-4449-b32d-13831909692f","https://fmcltrjnuvuooarkvufn.supabase.co/storage/v1/object/public/products/product-images/koba-611192dd-83e9-4449-b32d-13831909692f.jpg","I'm","Health & Beauty > Personal Care > Cosmetics","https://m.me/1002146686323797?ref=611192dd-83e9-4449-b32d-13831909692f"
"409de34c-8dc1-4ce5-9850-0543b894e5e6","Cosrx Aloe 54.2 Aqua Tone-Up Sunscreen SPF50+ PA++++ 50 ml","Minimum Retail Selling Price: ৳ 1,150","in stock","new","1190 BDT","https://glamourstouch.com/product/409de34c-8dc1-4ce5-9850-0543b894e5e6","https://fmcltrjnuvuooarkvufn.supabase.co/storage/v1/object/public/products/product-images/koba-409de34c-8dc1-4ce5-9850-0543b894e5e6.jpg","Cosrx","Health & Beauty > Personal Care > Cosmetics","https://m.me/1002146686323797?ref=409de34c-8dc1-4ce5-9850-0543b894e5e6"
"70c2c029-2304-4798-8d65-5661c54202a6","Cosrx Aloe Soothing Sun Cream 50 ml","Minimum Retail Selling Price: ৳ 1,150","in stock","new","1190 BDT","https://glamourstouch.com/product/70c2c029-2304-4798-8d65-5661c54202a6","https://fmcltrjnuvuooarkvufn.supabase.co/storage/v1/object/public/products/product-images/koba-70c2c029-2304-4798-8d65-5661c54202a6.jpg","Cosrx","Health & Beauty > Personal Care > Cosmetics","https://m.me/1002146686323797?ref=70c2c029-2304-4798-8d65-5661c54202a6"
"b3f271b4-4760-45d5-b60e-628a56e2ecd4","Cosrx BHA Blackhead power Liquid 50 ml","Minimum Retail Selling Price: ৳ 850","in stock","new","1030 BDT","https://glamourstouch.com/product/b3f271b4-4760-45d5-b60e-628a56e2ecd4","https://fmcltrjnuvuooarkvufn.supabase.co/storage/v1/object/public/products/product-images/koba-b3f271b4-4760-45d5-b60e-628a56e2ecd4.jpg","Cosrx","Health & Beauty > Personal Care > Cosmetics","https://m.me/1002146686323797?ref=b3f271b4-4760-45d5-b60e-628a56e2ecd4"
"4d97c500-0e1d-4989-9d83-124047685a14","Cosrx Advanced Snail 92 All In One Cream  100g Tube","Minimum Retail Selling Price: ৳ 1600","in stock","new","1860 BDT","https://glamourstouch.com/product/4d97c500-0e1d-4989-9d83-124047685a14","https://fmcltrjnuvuooarkvufn.supabase.co/storage/v1/object/public/products/product-images/koba-4d97c500-0e1d-4989-9d83-124047685a14.jpg","Cosrx","Health & Beauty > Personal Care > Cosmetics","https://m.me/1002146686323797?ref=4d97c500-0e1d-4989-9d83-124047685a14"
"91283a57-c6ed-46f7-970d-aae1d071c4ee","Cosrx Advanced Snail Peptide Eye Cream 25 ml","Minimum Retail Selling Price: ৳ 1,750","in stock","new","2070 BDT","https://glamourstouch.com/product/91283a57-c6ed-46f7-970d-aae1d071c4ee","https://fmcltrjnuvuooarkvufn.supabase.co/storage/v1/object/public/products/product-images/koba-91283a57-c6ed-46f7-970d-aae1d071c4ee.jpg","Cosrx","Health & Beauty > Personal Care > Cosmetics","https://m.me/1002146686323797?ref=91283a57-c6ed-46f7-970d-aae1d071c4ee"
"f7ff2d6c-1e7b-4085-ba60-9d456dcdc51f","SKIN1004 Madagascar Centella Poremizing Deep Cleansing Foam  125 ml","Minimum Retail Selling Price: ৳ 1450 SKIN1004 Madagascar Centella Poremizing Deep Cleansing Foam 125ml deeply purifies pores,cleans excess oil, dirt, sunscreen and impurities while ensuring your skin remains moisturized,fresh and soft.","in stock","new","1540 BDT","https://glamourstouch.com/product/f7ff2d6c-1e7b-4085-ba60-9d456dcdc51f","https://fmcltrjnuvuooarkvufn.supabase.co/storage/v1/object/public/products/product-images/koba-f7ff2d6c-1e7b-4085-ba60-9d456dcdc51f.jpg","SKIN1004","Health & Beauty > Personal Care > Cosmetics","https://m.me/1002146686323797?ref=f7ff2d6c-1e7b-4085-ba60-9d456dcdc51f"
"048116fd-88ba-4029-b3f8-708bffb35c48","Christian Dean Secret Tone-up Sun Cream SPF50+/PA+++ 70 ml ","","in stock","new","430 BDT","https://glamourstouch.com/product/048116fd-88ba-4029-b3f8-708bffb35c48","https://fmcltrjnuvuooarkvufn.supabase.co/storage/v1/object/public/products/product-images/7511b8f4-eaf2-4d0b-aec2-648ac47e7694.jpg","Dean","Health & Beauty > Personal Care > Cosmetics","https://m.me/1002146686323797?ref=048116fd-88ba-4029-b3f8-708bffb35c48"
"af47178d-0f45-47d8-ae51-f2bd95f0c3bc","Dabo Aloe Vera Tone-Up Base Sun Cream 70 ml","Minimum Retail Selling Price: ৳ 700","in stock","new","640 BDT","https://glamourstouch.com/product/af47178d-0f45-47d8-ae51-f2bd95f0c3bc","https://fmcltrjnuvuooarkvufn.supabase.co/storage/v1/object/public/products/product-images/koba-af47178d-0f45-47d8-ae51-f2bd95f0c3bc.jpg","Dabo","Health & Beauty > Personal Care > Cosmetics","https://m.me/1002146686323797?ref=af47178d-0f45-47d8-ae51-f2bd95f0c3bc"
"94a5f02e-0a34-4be8-8c7a-1cd22c814592","Dabo 30 Days Hyaluronic Acid 8 Soothing Toner 300 ml","","in stock","new","1510 BDT","https://glamourstouch.com/product/94a5f02e-0a34-4be8-8c7a-1cd22c814592","https://fmcltrjnuvuooarkvufn.supabase.co/storage/v1/object/public/products/product-images/koba-94a5f02e-0a34-4be8-8c7a-1cd22c814592.jpg","Dabo","Health & Beauty > Personal Care > Cosmetics","https://m.me/1002146686323797?ref=94a5f02e-0a34-4be8-8c7a-1cd22c814592"
"f5031048-128e-4cf4-8ae2-ded84e712045","The Face Shop Rice Water Bright Foaming Cleanser 150 ml","Minimum Retail Selling Price: ৳ 980 Version: 50 ml Version: 100 ml Version: 150 ml Version: 300 ml","in stock","new","1090 BDT","https://glamourstouch.com/product/f5031048-128e-4cf4-8ae2-ded84e712045","https://fmcltrjnuvuooarkvufn.supabase.co/storage/v1/object/public/products/product-images/koba-f5031048-128e-4cf4-8ae2-ded84e712045.jpg","The Face Shop","Health & Beauty > Personal Care > Cosmetics","https://m.me/1002146686323797?ref=f5031048-128e-4cf4-8ae2-ded84e712045"
"6a1e8971-c922-443a-bbe6-b2fdae1b3b67","Dabo All in One Black Snail Repair Essence Toner 155 ml ","","in stock","new","950 BDT","https://glamourstouch.com/product/6a1e8971-c922-443a-bbe6-b2fdae1b3b67","https://fmcltrjnuvuooarkvufn.supabase.co/storage/v1/object/public/products/product-images/85b4d1a6-4eeb-4ffa-9fb8-932b46adb75e.jpg","Dabo","Health & Beauty > Personal Care > Cosmetics","https://m.me/1002146686323797?ref=6a1e8971-c922-443a-bbe6-b2fdae1b3b67"
"9a786ad9-8eb6-4d13-95c4-e0bc6dd481d6","Medicube Pdrn Pink Collagen Capsule Cream 55 g","Medicube Pdrn Pink Collagen Capsule Cream 55 g","in stock","new","2710 BDT","https://glamourstouch.com/product/9a786ad9-8eb6-4d13-95c4-e0bc6dd481d6","https://fmcltrjnuvuooarkvufn.supabase.co/storage/v1/object/public/products/product-images/koba-9a786ad9-8eb6-4d13-95c4-e0bc6dd481d6.jpg","Medicube","Health & Beauty > Personal Care > Cosmetics","https://m.me/1002146686323797?ref=9a786ad9-8eb6-4d13-95c4-e0bc6dd481d6"
"342011e4-e2c0-4352-ae8d-1fcfe87d0f4c","Lipvive Sugar Balm  Propolis Moisture 4.8 g","Minimum Retail Selling Price: ৳ 400","in stock","new","340 BDT","https://glamourstouch.com/product/342011e4-e2c0-4352-ae8d-1fcfe87d0f4c","https://fmcltrjnuvuooarkvufn.supabase.co/storage/v1/object/public/products/product-images/koba-342011e4-e2c0-4352-ae8d-1fcfe87d0f4c.jpg","Lipvive","Health & Beauty > Personal Care > Cosmetics","https://m.me/1002146686323797?ref=342011e4-e2c0-4352-ae8d-1fcfe87d0f4c"
"228d8151-360f-4270-8e46-865a9589493b","Anjo Professional Premium Snail Cream Repair 50 ml","Minimum Retail Selling Price: ৳ 1,050","in stock","new","1110 BDT","https://glamourstouch.com/product/228d8151-360f-4270-8e46-865a9589493b","https://fmcltrjnuvuooarkvufn.supabase.co/storage/v1/object/public/products/product-images/koba-228d8151-360f-4270-8e46-865a9589493b.jpg","Anjo","Health & Beauty > Personal Care > Cosmetics","https://m.me/1002146686323797?ref=228d8151-360f-4270-8e46-865a9589493b"
"d2084657-238b-4a2b-b544-6c6ab386ca4d","I'm from Black Rice Toner 150 ml","Minimum Retail Selling Price: ৳ 2,100","in stock","new","2270 BDT","https://glamourstouch.com/product/d2084657-238b-4a2b-b544-6c6ab386ca4d","https://fmcltrjnuvuooarkvufn.supabase.co/storage/v1/object/public/products/product-images/koba-d2084657-238b-4a2b-b544-6c6ab386ca4d.jpg","I'm","Health & Beauty > Personal Care > Cosmetics","https://m.me/1002146686323797?ref=d2084657-238b-4a2b-b544-6c6ab386ca4d"
"c81cd40b-a554-436c-b419-0b310682490e","I'm from Black Rice Toner 30 ml","Minimum Retail Selling Price: ৳ 900","in stock","new","840 BDT","https://glamourstouch.com/product/c81cd40b-a554-436c-b419-0b310682490e","https://fmcltrjnuvuooarkvufn.supabase.co/storage/v1/object/public/products/product-images/koba-c81cd40b-a554-436c-b419-0b310682490e.jpg","I'm","Health & Beauty > Personal Care > Cosmetics","https://m.me/1002146686323797?ref=c81cd40b-a554-436c-b419-0b310682490e"
"d3da26e4-118b-4d3d-89a2-11a3eb3a651d","Dabo Glow Pack Glutathione Glow Wrapping Mask 70 ml","Minimum Retail Selling Price: ৳ 1,650","in stock","new","1290 BDT","https://glamourstouch.com/product/d3da26e4-118b-4d3d-89a2-11a3eb3a651d","https://fmcltrjnuvuooarkvufn.supabase.co/storage/v1/object/public/products/product-images/koba-d3da26e4-118b-4d3d-89a2-11a3eb3a651d.jpg","Dabo","Health & Beauty > Personal Care > Cosmetics","https://m.me/1002146686323797?ref=d3da26e4-118b-4d3d-89a2-11a3eb3a651d"
"77b5737a-f86a-49da-84cd-e691f5b868ee","Anua Rice 70 Glow Milky Toner 40 ml","Minimum Retail Selling Price: ৳ 650","in stock","new","790 BDT","https://glamourstouch.com/product/77b5737a-f86a-49da-84cd-e691f5b868ee","https://fmcltrjnuvuooarkvufn.supabase.co/storage/v1/object/public/products/product-images/koba-77b5737a-f86a-49da-84cd-e691f5b868ee.jpg","Anua","Health & Beauty > Personal Care > Cosmetics","https://m.me/1002146686323797?ref=77b5737a-f86a-49da-84cd-e691f5b868ee"
"2833a8a9-3df7-4e17-9d84-58eb3d08af07","Beauty Of Joseon Matte Sun Stick Mugwort + Camelia SPF 50+ PA++++ 18 g","Minimum Retail Selling Price: ৳ 1550","in stock","new","1600 BDT","https://glamourstouch.com/product/2833a8a9-3df7-4e17-9d84-58eb3d08af07","https://fmcltrjnuvuooarkvufn.supabase.co/storage/v1/object/public/products/product-images/koba-2833a8a9-3df7-4e17-9d84-58eb3d08af07.jpg","Beauty of Joseon","Health & Beauty > Personal Care > Cosmetics","https://m.me/1002146686323797?ref=2833a8a9-3df7-4e17-9d84-58eb3d08af07"
"b4dffc6f-e0cb-4808-9fbc-8ee4e6c67f6e","Cosrx Advanced Snail 96 Mucin Power Essence 100 ml ","","in stock","new","1640 BDT","https://glamourstouch.com/product/b4dffc6f-e0cb-4808-9fbc-8ee4e6c67f6e","https://fmcltrjnuvuooarkvufn.supabase.co/storage/v1/object/public/products/product-images/66280e1c-71ea-43aa-9b4f-1789f7cf01c6.jpg","Cosrx ","Health & Beauty > Personal Care > Cosmetics","https://m.me/1002146686323797?ref=b4dffc6f-e0cb-4808-9fbc-8ee4e6c67f6e"
"cf755133-3d4a-4f60-809a-20c43679a558"," SKIN1004 Madagascar Centella Air-Fit Suncream Plus SPF 50+ PA++++ 1.5 ml SKIN1004 Madagascar Centella Air-Fit Suncream Plus SPF 50+ PA++++ 1.5 ml","","in stock","new","25 BDT","https://glamourstouch.com/product/cf755133-3d4a-4f60-809a-20c43679a558","https://fmcltrjnuvuooarkvufn.supabase.co/storage/v1/object/public/products/product-images/57b70b6b-845c-4b46-8aef-0b06b44d378c.jpg","Sunscreen","Health & Beauty > Personal Care > Cosmetics","https://m.me/1002146686323797?ref=cf755133-3d4a-4f60-809a-20c43679a558"
"7a50d561-e951-40e2-83b1-ea683d464951","Cosrx Propolis Synergy Toner 50 ml","Minimum Retail Selling Price: ৳ 700","in stock","new","790 BDT","https://glamourstouch.com/product/7a50d561-e951-40e2-83b1-ea683d464951","https://fmcltrjnuvuooarkvufn.supabase.co/storage/v1/object/public/products/product-images/koba-7a50d561-e951-40e2-83b1-ea683d464951.jpg","Cosrx","Health & Beauty > Personal Care > Cosmetics","https://m.me/1002146686323797?ref=7a50d561-e951-40e2-83b1-ea683d464951"
"039e1358-8894-465e-961c-04f9bab5bcb8","Beauty of Joseon Red Bean Refreshing Pore Mask 140 ml","Minimum Retail Selling Price: ৳ 2050","in stock","new","2270 BDT","https://glamourstouch.com/product/039e1358-8894-465e-961c-04f9bab5bcb8","https://fmcltrjnuvuooarkvufn.supabase.co/storage/v1/object/public/products/product-images/koba-039e1358-8894-465e-961c-04f9bab5bcb8.jpg","Beauty of Joseon","Health & Beauty > Personal Care > Cosmetics","https://m.me/1002146686323797?ref=039e1358-8894-465e-961c-04f9bab5bcb8"
"f2d1ae9a-1560-47d1-a0ce-dcfbc8a519d3"," Beauty Of Joseon Relief Sun: Rice Probiotics Spf 50+ PA++++ 10 ml Beauty Of Joseon Relief Sun: Rice Probiotics Spf 50+ PA++++ 10 ml","","in stock","new","350 BDT","https://glamourstouch.com/product/f2d1ae9a-1560-47d1-a0ce-dcfbc8a519d3","https://fmcltrjnuvuooarkvufn.supabase.co/storage/v1/object/public/products/product-images/56170b75-8277-4912-9bdb-ff76296dedf9.jpg","Beauty Of Joseon","Health & Beauty > Personal Care > Cosmetics","https://m.me/1002146686323797?ref=f2d1ae9a-1560-47d1-a0ce-dcfbc8a519d3"
"f4859b7d-8fbb-4899-bb57-5b31470f0e49","Dabo Black Force For Men All In One Serum 120 ml","Minimum Retail Selling Price: ৳ 1,200","in stock","new","1210 BDT","https://glamourstouch.com/product/f4859b7d-8fbb-4899-bb57-5b31470f0e49","https://fmcltrjnuvuooarkvufn.supabase.co/storage/v1/object/public/products/product-images/koba-f4859b7d-8fbb-4899-bb57-5b31470f0e49.jpg","Dabo","Health & Beauty > Personal Care > Cosmetics","https://m.me/1002146686323797?ref=f4859b7d-8fbb-4899-bb57-5b31470f0e49"
"b5668dd3-d19f-45ad-8449-77002a3400bd","DAbo Panthenol 10% Cicalming Solution Ampoule 80 ml","Minimum Retail Selling Price: ৳ 1,200","in stock","new","1170 BDT","https://glamourstouch.com/product/b5668dd3-d19f-45ad-8449-77002a3400bd","https://fmcltrjnuvuooarkvufn.supabase.co/storage/v1/object/public/products/product-images/koba-b5668dd3-d19f-45ad-8449-77002a3400bd.jpg","Dabo","Health & Beauty > Personal Care > Cosmetics","https://m.me/1002146686323797?ref=b5668dd3-d19f-45ad-8449-77002a3400bd"
"cfba6d54-3a0b-46db-b750-86700432d18b","Dabo Hyaluronic8 Quenching Solution Ampoule 80 ml","Minimum Retail Selling Price: ৳ 1,200","in stock","new","1170 BDT","https://glamourstouch.com/product/cfba6d54-3a0b-46db-b750-86700432d18b","https://fmcltrjnuvuooarkvufn.supabase.co/storage/v1/object/public/products/product-images/koba-cfba6d54-3a0b-46db-b750-86700432d18b.jpg","Dabo","Health & Beauty > Personal Care > Cosmetics","https://m.me/1002146686323797?ref=cfba6d54-3a0b-46db-b750-86700432d18b"
"d2cdc22f-d68e-4977-9b97-3e4d6b03bf3d","Dabo Green Tomato Poremide Solution Ampoule 80 ml","","in stock","new","1170 BDT","https://glamourstouch.com/product/d2cdc22f-d68e-4977-9b97-3e4d6b03bf3d","https://fmcltrjnuvuooarkvufn.supabase.co/storage/v1/object/public/products/product-images/koba-d2cdc22f-d68e-4977-9b97-3e4d6b03bf3d.jpg","Dabo","Health & Beauty > Personal Care > Cosmetics","https://m.me/1002146686323797?ref=d2cdc22f-d68e-4977-9b97-3e4d6b03bf3d"
"97312391-daac-4c8a-bb1d-57cdf858b854","Dabo Glutathione Whitening Solution Ampoule 80 ml","Minimum Retail Selling Price: ৳ 1,200","in stock","new","1170 BDT","https://glamourstouch.com/product/97312391-daac-4c8a-bb1d-57cdf858b854","https://fmcltrjnuvuooarkvufn.supabase.co/storage/v1/object/public/products/product-images/koba-97312391-daac-4c8a-bb1d-57cdf858b854.jpg","Dabo","Health & Beauty > Personal Care > Cosmetics","https://m.me/1002146686323797?ref=97312391-daac-4c8a-bb1d-57cdf858b854"
"678078ad-1f3d-4196-b834-7cc16ada27c6","Dabo 24k Gold Essence 150ml","","in stock","new","1540 BDT","https://glamourstouch.com/product/678078ad-1f3d-4196-b834-7cc16ada27c6","https://fmcltrjnuvuooarkvufn.supabase.co/storage/v1/object/public/products/product-images/koba-678078ad-1f3d-4196-b834-7cc16ada27c6.jpg","Dabo","Health & Beauty > Personal Care > Cosmetics","https://m.me/1002146686323797?ref=678078ad-1f3d-4196-b834-7cc16ada27c6"
"6717ef63-5698-4674-b2d7-67014e6b9371","Care:nel Cicavita B5 Salicylic Acid Gentle Cleanser 150 ml ","","in stock","new","1100 BDT","https://glamourstouch.com/product/6717ef63-5698-4674-b2d7-67014e6b9371","https://fmcltrjnuvuooarkvufn.supabase.co/storage/v1/object/public/products/product-images/9abe7e48-5822-4a95-8972-2ec764997c31.jpg","Care:nel","Health & Beauty > Personal Care > Cosmetics","https://m.me/1002146686323797?ref=6717ef63-5698-4674-b2d7-67014e6b9371"
"e0030e99-3b35-4d63-985f-b068825b86c7","Missha Water Proof Sun Milk SPF50+ PA++++ 70 ml ","","in stock","new","1100 BDT","https://glamourstouch.com/product/e0030e99-3b35-4d63-985f-b068825b86c7","https://fmcltrjnuvuooarkvufn.supabase.co/storage/v1/object/public/products/product-images/a5921ad1-c753-4e91-91bf-8337b39aa045.jpg","Missha","Health & Beauty > Personal Care > Cosmetics","https://m.me/1002146686323797?ref=e0030e99-3b35-4d63-985f-b068825b86c7"
"1fdf219d-71e3-449e-a186-c81d28a3f476","Dabo 10  Second PDRN Bubble Collagen Mask 95 ml","Minimum Retail Selling Price: ৳ 1080","in stock","new","1140 BDT","https://glamourstouch.com/product/1fdf219d-71e3-449e-a186-c81d28a3f476","https://fmcltrjnuvuooarkvufn.supabase.co/storage/v1/object/public/products/product-images/koba-1fdf219d-71e3-449e-a186-c81d28a3f476.jpg","Dabo","Health & Beauty > Personal Care > Cosmetics","https://m.me/1002146686323797?ref=1fdf219d-71e3-449e-a186-c81d28a3f476"
"a3e95c61-e071-458b-a316-4a11067bcbd8","Dabo 10  Second PDRN Bubble Cica  Mask 95 ml","Minimum Retail Selling Price: ৳ 1080","in stock","new","1140 BDT","https://glamourstouch.com/product/a3e95c61-e071-458b-a316-4a11067bcbd8","https://fmcltrjnuvuooarkvufn.supabase.co/storage/v1/object/public/products/product-images/koba-a3e95c61-e071-458b-a316-4a11067bcbd8.jpg","Dabo","Health & Beauty > Personal Care > Cosmetics","https://m.me/1002146686323797?ref=a3e95c61-e071-458b-a316-4a11067bcbd8"
"65b20446-c4db-46e2-9d5c-b1a2bd740001","Care:nel TXA 5 Niacinamide 10 Dark Spot Glow Serum 30 ml","Minimum Retail Selling Price: ৳ 1700","in stock","new","2000 BDT","https://glamourstouch.com/product/65b20446-c4db-46e2-9d5c-b1a2bd740001","https://fmcltrjnuvuooarkvufn.supabase.co/storage/v1/object/public/products/product-images/koba-65b20446-c4db-46e2-9d5c-b1a2bd740001.jpg","Care:nel","Health & Beauty > Personal Care > Cosmetics","https://m.me/1002146686323797?ref=65b20446-c4db-46e2-9d5c-b1a2bd740001"
"3b543a91-f7d8-4928-9671-f0ddd5c5af24","Dabo Glow On Tone-Up Sun Milky White Spf 50+ Pa+++ 50 ml","Minimum Retail Selling Price: ৳ 750","in stock","new","690 BDT","https://glamourstouch.com/product/3b543a91-f7d8-4928-9671-f0ddd5c5af24","https://fmcltrjnuvuooarkvufn.supabase.co/storage/v1/object/public/products/product-images/koba-3b543a91-f7d8-4928-9671-f0ddd5c5af24.jpg","Dabo","Health & Beauty > Personal Care > Cosmetics","https://m.me/1002146686323797?ref=3b543a91-f7d8-4928-9671-f0ddd5c5af24"
"affef88a-1cb8-4493-8f01-f14bfb3eb1bd","Dabo Hyal The Cera Ampoule Tone-Up Sun SPF50+ PA++++ 50 ml","Minimum Retail Selling Price: ৳ 900","in stock","new","900 BDT","https://glamourstouch.com/product/affef88a-1cb8-4493-8f01-f14bfb3eb1bd","https://fmcltrjnuvuooarkvufn.supabase.co/storage/v1/object/public/products/product-images/koba-affef88a-1cb8-4493-8f01-f14bfb3eb1bd.jpg","Dabo","Health & Beauty > Personal Care > Cosmetics","https://m.me/1002146686323797?ref=affef88a-1cb8-4493-8f01-f14bfb3eb1bd"
"3a5663a3-1cd4-4e87-88b6-8a4b07f04600","Dabo Rice PDRN Niacinamide 15 Facial Serum 30 ml","Minimum Retail Selling Price: ৳ 980","in stock","new","1000 BDT","https://glamourstouch.com/product/3a5663a3-1cd4-4e87-88b6-8a4b07f04600","https://fmcltrjnuvuooarkvufn.supabase.co/storage/v1/object/public/products/product-images/koba-3a5663a3-1cd4-4e87-88b6-8a4b07f04600.jpg","Dabo","Health & Beauty > Personal Care > Cosmetics","https://m.me/1002146686323797?ref=3a5663a3-1cd4-4e87-88b6-8a4b07f04600"
"d763ab35-a844-42e0-a854-1bc69519c0c9","Purito Txa 6 Niacinamide 10 Retinal Serum 30 ml","Purito Txa 6 Niacinamide 10 Retinal Serum 30 ml","in stock","new","1930 BDT","https://glamourstouch.com/product/d763ab35-a844-42e0-a854-1bc69519c0c9","https://fmcltrjnuvuooarkvufn.supabase.co/storage/v1/object/public/products/product-images/koba-d763ab35-a844-42e0-a854-1bc69519c0c9.jpg","Purito","Health & Beauty > Personal Care > Cosmetics","https://m.me/1002146686323797?ref=d763ab35-a844-42e0-a854-1bc69519c0c9"
"a06b61d9-98e6-4383-ba86-2a6763fa4451","Derma Factory Niacinamide 20% Serum 30 ml","Minimum Retail Selling Price: 1,250","in stock","new","890 BDT","https://glamourstouch.com/product/a06b61d9-98e6-4383-ba86-2a6763fa4451","https://fmcltrjnuvuooarkvufn.supabase.co/storage/v1/object/public/products/product-images/koba-a06b61d9-98e6-4383-ba86-2a6763fa4451.jpg","Derma","Health & Beauty > Personal Care > Cosmetics","https://m.me/1002146686323797?ref=a06b61d9-98e6-4383-ba86-2a6763fa4451"
"bc22efb1-713c-4ab0-93e5-5332cf95b2eb","K-SECRET Seoul 1988 Serum : Retinal Liposome 2% + Black Ginseng 30 ml","Minimum Retail Selling Price: ৳ 1,700","in stock","new","1700 BDT","https://glamourstouch.com/product/bc22efb1-713c-4ab0-93e5-5332cf95b2eb","https://fmcltrjnuvuooarkvufn.supabase.co/storage/v1/object/public/products/product-images/koba-bc22efb1-713c-4ab0-93e5-5332cf95b2eb.jpg","K-Secret","Health & Beauty > Personal Care > Cosmetics","https://m.me/1002146686323797?ref=bc22efb1-713c-4ab0-93e5-5332cf95b2eb"
"13db2645-7133-4d1a-8051-4e80d2c56372","Dabo Vita Radian-C Biome 3x Vitamin Aux Super 8 Hyaluron Toning Serum 100 ml","Minimum Retail Selling Price: ৳ 1,250","in stock","new","1210 BDT","https://glamourstouch.com/product/13db2645-7133-4d1a-8051-4e80d2c56372","https://fmcltrjnuvuooarkvufn.supabase.co/storage/v1/object/public/products/product-images/koba-13db2645-7133-4d1a-8051-4e80d2c56372.jpg","Dabo","Health & Beauty > Personal Care > Cosmetics","https://m.me/1002146686323797?ref=13db2645-7133-4d1a-8051-4e80d2c56372"
"ff414348-25e8-4aa4-a772-bc2a268670c0","Dabo Rose Gold 24k Gold Essence 130 ml","Minimum Retail Selling Price: ৳ 1,300","in stock","new","1430 BDT","https://glamourstouch.com/product/ff414348-25e8-4aa4-a772-bc2a268670c0","https://fmcltrjnuvuooarkvufn.supabase.co/storage/v1/object/public/products/product-images/koba-ff414348-25e8-4aa4-a772-bc2a268670c0.jpg","Dabo","Health & Beauty > Personal Care > Cosmetics","https://m.me/1002146686323797?ref=ff414348-25e8-4aa4-a772-bc2a268670c0"
"d3b88888-df53-49e2-a190-dac90fef4df2","Dabo 3 in1 Collagen Lifting Cream 50 ml ","Lock in Your Radiance with APLB Glutathione Niacinamide Facial Cream Complete your brightening routine with the APLB Glutathione Niacinamide Facial Cream (55ml). This powerful moisturizer is designed to nourish your skin while actively targeting dark spots, hyperpigmentation, and a dull complexion. By combining the antioxidant benefits of Glutathione with high-performance Niacinamide, this cream helps to even out skin tone and restore a healthy glow. Infused with a Centella 3-Complex and Hyaluronic Acid, it provides deep hydration and soothes sensitive skin, leaving your face feeling velvety soft and plump. Key Benefits: – Intensive Brightening: Glutathione and Niacinamide work together to illuminate skin and fade dark spots. – Deep Moisture: Hyaluronic Acid and Beta-Glucan provide long-lasting hydration to prevent dryness. – Soothing &amp; Healing: Formulated with Cica (Centella Asiatica) to calm redness and irritation. – Barrier Support: Strengthens the skin’s natural protective layer against environmental stressors. – Silky Texture: A lightweight, non-greasy formula that absorbs quickly for a smooth finish. How to Use: 1. Use as the final step of your morning and evening skincare routine. 2. Apply a moderate amount to the face and neck. 3. Gently massage or pat with your palms until fully absorbed. 4. During the day, always follow with sunscreen to protect your brightening results. Shop 100% authentic APLB products at glamourstouch-your trusted source for advanced Korean skincare in Bangladesh.","in stock","new","980 BDT","https://glamourstouch.com/product/d3b88888-df53-49e2-a190-dac90fef4df2","https://fmcltrjnuvuooarkvufn.supabase.co/storage/v1/object/public/products/product-images/189af4c4-a2ae-4354-954d-0df076d16f36.jpg","Dabo ","Health & Beauty > Personal Care > Cosmetics","https://m.me/1002146686323797?ref=d3b88888-df53-49e2-a190-dac90fef4df2"
"f40eddb5-e10d-4567-ae67-9a3eb32cd2d6","The Face Shop Rice Water Bright Cleansing Oil 150 ml – Rich ","","in stock","new","1100 BDT","https://glamourstouch.com/product/f40eddb5-e10d-4567-ae67-9a3eb32cd2d6","https://fmcltrjnuvuooarkvufn.supabase.co/storage/v1/object/public/products/product-images/5fe968a9-76c2-45e4-a6d6-b035a8ef9896.jpg","The Face Shop","Health & Beauty > Personal Care > Cosmetics","https://m.me/1002146686323797?ref=f40eddb5-e10d-4567-ae67-9a3eb32cd2d6"
"0f406afd-5d76-449f-9be7-235817f96dc1","Medicube AGE-R Glutathione Glow Capsule Cream 50 ml","Medicube AGE-R Glutathione Glow Capsule Cream 50 ml","in stock","new","2260 BDT","https://glamourstouch.com/product/0f406afd-5d76-449f-9be7-235817f96dc1","https://fmcltrjnuvuooarkvufn.supabase.co/storage/v1/object/public/products/product-images/koba-0f406afd-5d76-449f-9be7-235817f96dc1.jpg","Medicube","Health & Beauty > Personal Care > Cosmetics","https://m.me/1002146686323797?ref=0f406afd-5d76-449f-9be7-235817f96dc1"
"d3b2fe21-6698-4f09-ab18-07bd9f005d2d","Dr.Althea 345 Relief Cream 50 ml","Minimum Retail Selling Price: ৳ 2,250","in stock","new","1980 BDT","https://glamourstouch.com/product/d3b2fe21-6698-4f09-ab18-07bd9f005d2d","https://fmcltrjnuvuooarkvufn.supabase.co/storage/v1/object/public/products/product-images/koba-d3b2fe21-6698-4f09-ab18-07bd9f005d2d.jpg","Dr.Althea","Health & Beauty > Personal Care > Cosmetics","https://m.me/1002146686323797?ref=d3b2fe21-6698-4f09-ab18-07bd9f005d2d"
"47d7a44d-8cf9-48ef-89b8-bc9a64480514","SKIN1004 Madagascar Centella Ampoule 30 ml","Minimum Retail Selling Price: ৳ 850","in stock","new","1040 BDT","https://glamourstouch.com/product/47d7a44d-8cf9-48ef-89b8-bc9a64480514","https://fmcltrjnuvuooarkvufn.supabase.co/storage/v1/object/public/products/product-images/koba-47d7a44d-8cf9-48ef-89b8-bc9a64480514.jpg","SKIN1004","Health & Beauty > Personal Care > Cosmetics","https://m.me/1002146686323797?ref=47d7a44d-8cf9-48ef-89b8-bc9a64480514"
"169224e2-f57f-44ad-b466-920227ce8fd0","Cosrx Advanced Snail 96 Mucin Power Essence 30 ml","Minimum Retail Selling Price: ৳ 650","in stock","new","640 BDT","https://glamourstouch.com/product/169224e2-f57f-44ad-b466-920227ce8fd0","https://fmcltrjnuvuooarkvufn.supabase.co/storage/v1/object/public/products/product-images/koba-169224e2-f57f-44ad-b466-920227ce8fd0.jpg","Cosrx","Health & Beauty > Personal Care > Cosmetics","https://m.me/1002146686323797?ref=169224e2-f57f-44ad-b466-920227ce8fd0"
"4f43db55-5b81-4992-9fc1-a58ba7a4f348","Beauty of Joseon Glow Deep Serum Rice + Alpha-Arbutin 30 ml","","in stock","new","1550 BDT","https://glamourstouch.com/product/4f43db55-5b81-4992-9fc1-a58ba7a4f348","https://fmcltrjnuvuooarkvufn.supabase.co/storage/v1/object/public/products/product-images/fa284779-6752-4f14-8744-75d16ff972ac.jpg","Beauty of Joseon","Health & Beauty > Personal Care > Cosmetics","https://m.me/1002146686323797?ref=4f43db55-5b81-4992-9fc1-a58ba7a4f348"
"3a978fe9-04d9-457c-aa54-edb7b552be95","Medicube Collgen Night Wrapping Mask 75 ml, Koria","","in stock","new","1800 BDT","https://glamourstouch.com/product/3a978fe9-04d9-457c-aa54-edb7b552be95","https://fmcltrjnuvuooarkvufn.supabase.co/storage/v1/object/public/products/product-images/7323e002-261d-4e6d-8790-98df615396c6.jpg","Medicube","Health & Beauty > Personal Care > Cosmetics","https://m.me/1002146686323797?ref=3a978fe9-04d9-457c-aa54-edb7b552be95"
"8f20817d-2adf-4de3-9ea6-4bb1345e1475","Medicube Collagen Jelly Cream 110 ml, Koria","","in stock","new","2670 BDT","https://glamourstouch.com/product/8f20817d-2adf-4de3-9ea6-4bb1345e1475","https://fmcltrjnuvuooarkvufn.supabase.co/storage/v1/object/public/products/product-images/31ad7bb2-3f13-4480-98e5-e1caba27db6b.jpg","Medicube","Health & Beauty > Personal Care > Cosmetics","https://m.me/1002146686323797?ref=8f20817d-2adf-4de3-9ea6-4bb1345e1475"
"b1bd606a-1519-4100-b165-306ba5b30215","Cosrx  Advanced The Vitamin C 23 Serum 20 g","Minimum Retail Selling Price: ৳ 1,850","in stock","new","2070 BDT","https://glamourstouch.com/product/b1bd606a-1519-4100-b165-306ba5b30215","https://fmcltrjnuvuooarkvufn.supabase.co/storage/v1/object/public/products/product-images/koba-b1bd606a-1519-4100-b165-306ba5b30215.jpg","Cosrx","Health & Beauty > Personal Care > Cosmetics","https://m.me/1002146686323797?ref=b1bd606a-1519-4100-b165-306ba5b30215"
"87d6fe20-e0a6-448c-9a06-4b734d9005fa","Cosrx Salicylic Acid Daily Gentle Cleanser 50 ml ","","in stock","new","550 BDT","https://glamourstouch.com/product/87d6fe20-e0a6-448c-9a06-4b734d9005fa","https://fmcltrjnuvuooarkvufn.supabase.co/storage/v1/object/public/products/product-images/3e2feddd-75c9-4709-93d7-29de71011af2.jpg","Cosrx","Health & Beauty > Personal Care > Cosmetics","https://m.me/1002146686323797?ref=87d6fe20-e0a6-448c-9a06-4b734d9005fa"
"9f69300f-182e-47cb-ab9c-953eee43b41c","Medicube Txa Niacinamide 15 Serum 30 ml ","","in stock","new","1850 BDT","https://glamourstouch.com/product/9f69300f-182e-47cb-ab9c-953eee43b41c","https://fmcltrjnuvuooarkvufn.supabase.co/storage/v1/object/public/products/product-images/798e0c30-9259-4436-bf62-6d580de3cf47.jpg","Medicube","Health & Beauty > Personal Care > Cosmetics","https://m.me/1002146686323797?ref=9f69300f-182e-47cb-ab9c-953eee43b41c"
"4b6ac2cb-0eea-47cb-a175-d18505216699","Anua Azelaic Acid 10 Hyaluron Redness Soothing Serum 10 ml","Minimum Retail Selling Price: ৳ 880","in stock","new","1040 BDT","https://glamourstouch.com/product/4b6ac2cb-0eea-47cb-a175-d18505216699","https://fmcltrjnuvuooarkvufn.supabase.co/storage/v1/object/public/products/product-images/koba-4b6ac2cb-0eea-47cb-a175-d18505216699.jpg","Anua","Health & Beauty > Personal Care > Cosmetics","https://m.me/1002146686323797?ref=4b6ac2cb-0eea-47cb-a175-d18505216699"
"9fb5d24a-658b-4805-9711-eaf94ab53e7f","Beauty of Joseon Glow Serum Propolis + Niacinamide 30 ml","Minimum Retail Selling Price: ৳ 1500","in stock","new","1600 BDT","https://glamourstouch.com/product/9fb5d24a-658b-4805-9711-eaf94ab53e7f","https://fmcltrjnuvuooarkvufn.supabase.co/storage/v1/object/public/products/product-images/koba-9fb5d24a-658b-4805-9711-eaf94ab53e7f.jpg","Beauty of Joseon","Health & Beauty > Personal Care > Cosmetics","https://m.me/1002146686323797?ref=9fb5d24a-658b-4805-9711-eaf94ab53e7f"
"bb67c967-fec5-490b-9f70-c864f90ec61d","SKIN1004 Madagascar Centella Tone Brightening Capsule Ampoule 50 ml","Minimum Retail Selling Price: 1,480","in stock","new","1690 BDT","https://glamourstouch.com/product/bb67c967-fec5-490b-9f70-c864f90ec61d","https://fmcltrjnuvuooarkvufn.supabase.co/storage/v1/object/public/products/product-images/koba-bb67c967-fec5-490b-9f70-c864f90ec61d.jpg","SKIN1004","Health & Beauty > Personal Care > Cosmetics","https://m.me/1002146686323797?ref=bb67c967-fec5-490b-9f70-c864f90ec61d"
"4f35e80b-43d1-4b23-a6fb-30340c7dd080","Beauty of Joseon Ginseng Essence Water  40 ml","Minimum Retail Selling Price: ৳ 750","in stock","new","830 BDT","https://glamourstouch.com/product/4f35e80b-43d1-4b23-a6fb-30340c7dd080","https://fmcltrjnuvuooarkvufn.supabase.co/storage/v1/object/public/products/product-images/koba-4f35e80b-43d1-4b23-a6fb-30340c7dd080.jpg","Beauty of Joseon","Health & Beauty > Personal Care > Cosmetics","https://m.me/1002146686323797?ref=4f35e80b-43d1-4b23-a6fb-30340c7dd080"
"91d4bad4-45c0-4736-862a-36ea03a5b4b7","SKIN1004 Madagascar Centella Tone Brightening Tone-Up Sunscreen SPF50+ PA++++ 50 ml","Minimum Retail Selling Price: ৳ 1450","in stock","new","1640 BDT","https://glamourstouch.com/product/91d4bad4-45c0-4736-862a-36ea03a5b4b7","https://fmcltrjnuvuooarkvufn.supabase.co/storage/v1/object/public/products/product-images/koba-91d4bad4-45c0-4736-862a-36ea03a5b4b7.jpg","SKIN1004","Health & Beauty > Personal Care > Cosmetics","https://m.me/1002146686323797?ref=91d4bad4-45c0-4736-862a-36ea03a5b4b7"
"b99c3421-8dbc-447c-8933-7e67c55ea2fd","Anua Pdrn Hyaluronic Acid Capsule 100 Serum 10 ml","Anua Pdrn Hyaluronic Acid Capsule 100 Serum 10 ml","in stock","new","1040 BDT","https://glamourstouch.com/product/b99c3421-8dbc-447c-8933-7e67c55ea2fd","https://fmcltrjnuvuooarkvufn.supabase.co/storage/v1/object/public/products/product-images/koba-b99c3421-8dbc-447c-8933-7e67c55ea2fd.jpg","Anua","Health & Beauty > Personal Care > Cosmetics","https://m.me/1002146686323797?ref=b99c3421-8dbc-447c-8933-7e67c55ea2fd"
"26bba79b-78c4-4f24-80bc-73d78fb022fb","Cosrx The Niacinamide 15 Serum 20 ml","Cosrx The Niacinamide 15 Serum 20 ml","in stock","new","2210 BDT","https://glamourstouch.com/product/26bba79b-78c4-4f24-80bc-73d78fb022fb","https://fmcltrjnuvuooarkvufn.supabase.co/storage/v1/object/public/products/product-images/koba-26bba79b-78c4-4f24-80bc-73d78fb022fb.jpg","Cosrx","Health & Beauty > Personal Care > Cosmetics","https://m.me/1002146686323797?ref=26bba79b-78c4-4f24-80bc-73d78fb022fb"
"ed81642b-f8d6-4dda-a3b1-a09b097937fe","Medicube Glutathione Glow Serum 30 g","Medicube Glutathione Glow Serum 30 g","in stock","new","1680 BDT","https://glamourstouch.com/product/ed81642b-f8d6-4dda-a3b1-a09b097937fe","https://fmcltrjnuvuooarkvufn.supabase.co/storage/v1/object/public/products/product-images/koba-ed81642b-f8d6-4dda-a3b1-a09b097937fe.jpg","Medicube","Health & Beauty > Personal Care > Cosmetics","https://m.me/1002146686323797?ref=ed81642b-f8d6-4dda-a3b1-a09b097937fe"
"6319537e-9992-49ff-969f-f75398a4a3de","Cosrx The Vitamin C 13 Serum 20 ml","Minimum Retail Selling Price: 1,650","in stock","new","1710 BDT","https://glamourstouch.com/product/6319537e-9992-49ff-969f-f75398a4a3de","https://fmcltrjnuvuooarkvufn.supabase.co/storage/v1/object/public/products/product-images/koba-6319537e-9992-49ff-969f-f75398a4a3de.jpg","Cosrx","Health & Beauty > Personal Care > Cosmetics","https://m.me/1002146686323797?ref=6319537e-9992-49ff-969f-f75398a4a3de"
"68207be1-917f-4370-8d08-d4d74b699d0a","Anua Niacinamide 10% + TXA 4% Serum 30 ml","Minimum Retail Selling Price: ৳ 2,200","in stock","new","2150 BDT","https://glamourstouch.com/product/68207be1-917f-4370-8d08-d4d74b699d0a","https://fmcltrjnuvuooarkvufn.supabase.co/storage/v1/object/public/products/product-images/koba-68207be1-917f-4370-8d08-d4d74b699d0a.jpg","Anua","Health & Beauty > Personal Care > Cosmetics","https://m.me/1002146686323797?ref=68207be1-917f-4370-8d08-d4d74b699d0a"
"74d48daa-7695-41f9-8f10-9e5fb4f0e2d9","AXIS-Y Dark Spot Correcting Glow Serum 50ml","Minimum Retail Selling Price: ৳ 1,350","in stock","new","1330 BDT","https://glamourstouch.com/product/74d48daa-7695-41f9-8f10-9e5fb4f0e2d9","https://fmcltrjnuvuooarkvufn.supabase.co/storage/v1/object/public/products/product-images/koba-74d48daa-7695-41f9-8f10-9e5fb4f0e2d9.jpg","AXIS-Y","Health & Beauty > Personal Care > Cosmetics","https://m.me/1002146686323797?ref=74d48daa-7695-41f9-8f10-9e5fb4f0e2d9"
"73ca3940-a5fa-4473-a9cc-64b1137401ca","Medicube Deep Vita-C Capsule Cream 55 g","","in stock","new","2900 BDT","https://glamourstouch.com/product/73ca3940-a5fa-4473-a9cc-64b1137401ca","https://fmcltrjnuvuooarkvufn.supabase.co/storage/v1/object/public/products/product-images/koba-73ca3940-a5fa-4473-a9cc-64b1137401ca.jpg","Medicube","Health & Beauty > Personal Care > Cosmetics","https://m.me/1002146686323797?ref=73ca3940-a5fa-4473-a9cc-64b1137401ca"
"dbe87d46-c55a-406a-aae5-27494169d44c","Medicube Collgen Night Wrapping Mask 75 ml","Minimum Retail Selling Price: ৳ 2,400","in stock","new","2300 BDT","https://glamourstouch.com/product/dbe87d46-c55a-406a-aae5-27494169d44c","https://fmcltrjnuvuooarkvufn.supabase.co/storage/v1/object/public/products/product-images/koba-dbe87d46-c55a-406a-aae5-27494169d44c.jpg","Medicube","Health & Beauty > Personal Care > Cosmetics","https://m.me/1002146686323797?ref=dbe87d46-c55a-406a-aae5-27494169d44c"